"id","y"
5380,6.21875455496092
5381,8.36078016280156
5382,5.64240097107407
5383,2.60872057764787
5384,0.869375914075168
5385,0.545227137506588
5386,29.4457971879063
5387,5.68448672700706
5388,1.03279230305238
5389,5.78586287960294
5390,5.21297112000823
5391,2.6377837053595
5392,1.54231006604991
5393,2.9137975858822
5394,20.9528652402448
5395,10.7736451003783
5396,9.06324548496814
5397,0.456077906086671
5398,6.06309370348917
5399,12.7135927052933
5400,3.00771336092285
5401,4.86763676298225
5402,4.0421949409114
5403,7.92446704774929
5404,9.2787465511172
5405,5.92261802531277
5406,10.2168824995219
5407,5.12777333720134
5408,2.17460356307375
5409,3.36351461385047
5410,1.13169516596437
5411,2.74326433645336
5412,6.26901213642602
5413,5.85330454717481
5414,4.88548149831882
5415,1.26812292224784
5416,3.37254962934578
5417,9.28818911577297
5418,8.81327763315538
5419,12.2933557026841
5420,8.16540508528176
5421,4.31653299937731
5422,2.68882334378495
5423,17.5867334533205
5424,9.86200263804661
5425,8.81031755827096
5426,16.67012524188
5427,10.9331684704105
5428,3.96949177699516
5429,7.68163981577775
5430,1.39666038404314
5431,14.5575971098551
5432,2.39860796337015
5433,13.3413469354008
5434,13.9940310671069
5435,21.0122064885811
5436,1.66818715826871
5437,10.8611016347638
5438,13.9125855560228
5439,2.67344258635529
5440,7.40303532373804
5441,4.94533217261938
5442,3.04112792239909
5443,17.6347661012951
5444,2.18125381600018
5445,12.592066031517
5446,7.07959401085207
5447,1.12805926425129
5448,5.50891281350433
5449,1.24327443440458
5450,3.37502025915807
5451,2.09556083987663
5452,5.26301646210786
5453,8.46748503265769
5454,19.98155410757
5455,7.11410827725201
5456,14.8130448289919
5457,5.49295604094336
5458,8.22335302005063
5459,2.38741876458886
5460,1.59781976046413
5461,6.15579080696381
5462,5.7659930107301
5463,2.6581659648431
5464,7.22054272118302
5465,5.49714361161551
5466,8.81612836231933
5467,9.28056510527096
5468,6.56841394675053
5469,-0.733082357146969
5470,16.4921482507093
5471,0.473782501978954
5472,5.83813731803748
5473,31.2007131992635
5474,3.70771445831588
5475,12.4718397771508
5476,7.61309531745406
5477,31.6716945257545
5478,17.8857068687983
5479,-0.770808167386074
5480,4.79989265765545
5481,11.9005733087449
5482,7.6294708421519
5483,3.47328107051898
5484,8.08078964654037
5485,6.34818392362199
5486,14.7419951256197
5487,3.00582428534648
5488,5.57761059656044
5489,5.1630951402427
5490,1.99688278174677
5491,4.03128828381429
5492,4.61718306587499
5493,5.38780362783588
5494,11.2441132004391
5495,2.30552725674215
5496,2.39426866008889
5497,9.04746350709334
5498,3.40226961339763
5499,12.9596289186647
5500,15.0631514203909
5501,12.0909508864026
5502,8.26726583270803
5503,1.2867738595806
5504,1.13330215788176
5505,4.47201580294458
5506,1.48282493382935
5507,0.446418609606564
5508,6.23542267539926
5509,4.02981310861631
5510,38.8106187481478
5511,4.79468947898187
5512,11.3212111040678
5513,7.09965492643049
5514,2.89487941254452
5515,14.6762273834499
5516,12.8697554347709
5517,9.45261951224494
5518,4.30333456204744
5519,0.920248882622817
5520,3.37419780993029
5521,20.0653023885255
5522,8.53019039334869
5523,2.2507912192649
5524,4.87653765806544
5525,8.61306875532294
5526,13.330232243767
5527,2.15972110743801
5528,4.13932066313139
5529,8.95976736630683
5530,9.8584768412268
5531,26.4920287618244
5532,4.58877577467914
5533,6.98355514273129
5534,1.93377876062088
5535,9.93667805367402
5536,6.33103778677407
5537,2.73804381784113
5538,3.86844982554792
5539,6.09788663545166
5540,2.489106124772
5541,16.1816773970351
5542,2.60581800756605
5543,8.05431995084676
5544,17.0440157882333
5545,2.30855597831269
5546,1.74486773247825
5547,33.8415831004773
5548,6.06931208189914
5549,8.39739064546759
5550,5.3518426883074
5551,16.2408153551836
5552,8.88047390038779
5553,0.583755154454442
5554,5.3585939444814
5555,4.05957418621869
5556,8.63327844853766
5557,3.34220596414453
5558,12.6978234795418
5559,5.5944201140533
5560,3.11476253576093
5561,1.38705633884287
5562,13.7650559525467
5563,2.66075281923309
5564,6.40758753673803
5565,15.4141709341652
5566,15.7576707417438
5567,14.4530861008722
5568,1.06007086803338
5569,2.48233124244017
5570,1.90989885703767
5571,10.639721872472
5572,3.94934270830591
5573,2.66951336850302
5574,25.1714190152046
5575,7.22394214689604
5576,9.33858759164439
5577,1.60762718065082
5578,1.82326230202669
5579,2.71392576592679
5580,7.80858713019513
5581,1.39959813418522
5582,9.32698936699466
5583,22.8110521986965
5584,4.49214418380208
5585,3.78791395398122
5586,-0.237678960082725
5587,13.3315044280415
5588,7.81954037958505
5589,8.0899022456236
5590,14.9312578442446
5591,3.99442854351932
5592,8.84862223872646
5593,5.85762261426841
5594,1.86002446230894
5595,4.99193580790256
5596,3.1170993352694
5597,4.91090329808547
5598,6.32179476658146
5599,5.90287219747166
5600,8.51183282116014
5601,15.5777256726941
5602,3.37251917798939
5603,7.6285396677175
5604,7.20814557341945
5605,8.55034795812762
5606,2.36158936620565
5607,16.4907634455111
5608,12.314493738885
5609,2.23869880488586
5610,5.09513864057237
5611,4.46292971513824
5612,3.50774656122716
5613,2.46355390386306
5614,21.3925353933634
5615,3.5861127713446
5616,6.87751905755233
5617,14.6505858021393
5618,5.29560769657848
5619,0.627954003490256
5620,7.23918377222275
5621,3.28077193557484
5622,7.41111386257625
5623,4.65290961807309
5624,10.761155242571
5625,8.33899611549625
5626,5.8158248771164
5627,1.93940335561967
5628,2.26403254574495
5629,5.72732667319844
5630,6.38020839888203
5631,9.09938866593262
5632,8.24242031552939
5633,2.33901879751885
5634,4.10000808887105
5635,2.66715404322449
5636,1.7961616362954
5637,6.38790011372465
5638,11.618573345683
5639,12.5735937727098
5640,7.73441570787303
5641,1.9437394587386
5642,4.3840075905456
5643,8.15703683595537
5644,3.96298315505137
5645,9.75119921543938
5646,13.2712911025585
5647,16.2690829443027
5648,10.088403581428
5649,6.61402603860735
5650,8.68582916701125
5651,27.1070751105894
5652,10.6915852351845
5653,4.29753233317861
5654,2.11908312995564
5655,2.24289831219079
5656,7.5372979927071
5657,4.90303326936569
5658,5.06238328245665
5659,1.85039591495092
5660,6.71064639002198
5661,3.17246634412921
5662,3.21414607840124
5663,9.42848297290185
5664,1.55088412475928
5665,-0.0995978471739072
5666,1.58479520524347
5667,11.2118275339816
5668,5.90055896013677
5669,4.19944434248022
5670,5.00593679840672
5671,1.43137264903801
5672,2.81626724836487
5673,0.739060371313167
5674,15.8331004412754
5675,10.7543775702428
5676,14.603922147888
5677,20.6085318995475
5678,4.146963616543
5679,32.5982866500401
5680,13.0570942300355
5681,5.00513363218575
5682,10.0096047618001
5683,3.7034034356932
5684,8.31573336037649
5685,3.25296624207403
5686,14.9249100250796
5687,3.15103488796912
5688,10.1605544379172
5689,16.335479202823
5690,0.270482444222162
5691,2.09904432072308
5692,6.70466690733262
5693,4.26068511487054
5694,4.52676357994037
5695,6.2422540330255
5696,3.70138957634051
5697,9.26243404163152
5698,11.2895078867592
5699,5.33211337581328
5700,9.5424015075712
5701,11.5956293725458
5702,2.13637814527424
5703,4.80784899907119
5704,2.26953771311302
5705,34.5975789561615
5706,13.5297189881401
5707,2.61301672668133
5708,6.63526835472547
5709,4.95213032159961
5710,2.63596268253079
5711,9.0880006745594
5712,5.14364760668544
5713,11.6221692114676
5714,8.20647970850326
5715,-2.08113893742843
5716,6.21502230668058
5717,6.29648790038638
5718,9.18371599766089
5719,1.34381373716375
5720,12.5870535352823
5721,4.78526112464335
5722,11.6935633400689
5723,1.60667403997142
5724,5.92731772749101
5725,4.6157763212764
5726,2.83894810816622
5727,21.1402303140341
5728,12.3464514489122
5729,6.82029789700848
5730,0.543609999347353
5731,9.24333627078419
5732,6.58044837322993
5733,7.48107182895333
5734,6.41584735144997
5735,10.5448748816868
5736,3.92547994903507
5737,7.27445213802516
5738,4.75335212810826
5739,16.9380813900134
5740,6.80502237037171
5741,13.8431131018348
5742,1.8636851399223
5743,11.6123241894526
5744,3.10127148835817
5745,7.05100165567531
5746,4.25390967027963
5747,6.73492519507032
5748,5.66765797445353
5749,3.1111563502084
5750,4.94443594984481
5751,9.17674311903016
5752,7.25157420092835
5753,2.66683514087639
5754,6.29556692208436
5755,2.67814464914382
5756,14.8978861254365
5757,1.78526854298665
5758,2.38998043138003
5759,2.77708296464571
5760,2.57546813080383
5761,-0.0704951430987677
5762,27.2456711063527
5763,8.71463317165751
5764,6.12459912448419
5765,3.73467267227829
5766,4.02005873732174
5767,3.50548768916658
5768,4.20182214422755
5769,2.36533397480426
5770,7.49134540152807
5771,3.88136354007007
5772,11.5082663443112
5773,7.13564275222095
5774,6.17294099508498
5775,14.530692798304
5776,9.04723214053575
5777,2.83047579550147
5778,2.68407117316057
5779,2.74707678379096
5780,1.64842449523204
5781,2.76652494577335
5782,5.6297545708199
5783,10.509209939809
5784,4.81234328250104
5785,0.377587511086411
5786,12.9472327639796
5787,7.88761041243183
5788,5.62239614705092
5789,2.52159771216575
5790,11.0013298914338
5791,0.403854542292326
5792,3.39076330898037
5793,13.0129054585468
5794,6.40303359201103
5795,8.61826620638282
5796,10.6981326496393
5797,6.95580948943702
5798,11.8437652687626
5799,1.22048751419504
5800,13.9365566810762
5801,3.02158362366953
5802,3.50024513947081
5803,5.12852625848524
5804,4.87855293828157
5805,5.24039292623009
5806,6.22187147735674
5807,14.569823001515
5808,9.12283819352218
5809,16.4658552284193
5810,11.2853265644111
5811,31.6915208822488
5812,5.90637670862937
5813,4.48122880107001
5814,3.90733736549207
5815,0.836845112720642
5816,10.0041981082565
5817,4.62843262846635
5818,8.37743295996916
5819,4.55082831328281
5820,6.18640065280576
5821,7.57799016109608
5822,7.15913254101467
5823,5.19583529850333
5824,36.0596525180802
5825,2.6642708092427
5826,1.76039205147618
5827,2.0299390073824
5828,3.27285795709798
5829,8.04965782017735
5830,5.80397833523544
5831,5.23132391832226
5832,5.84684498508321
5833,24.4470408452552
5834,6.39827897002815
5835,2.16908007887254
5836,3.10700190128155
5837,0.256652648258376
5838,3.97643821230146
5839,5.49292352703581
5840,11.7610003233635
5841,7.21495391587968
5842,6.70514577994495
5843,5.19874126284791
5844,8.85188071877763
5845,6.8835285239275
5846,9.51419654068599
5847,4.95020198082153
5848,6.81223351938103
5849,9.71688023395584
5850,11.4379735287176
5851,5.79900392301628
5852,5.53271816012136
5853,3.00896554076187
5854,0.267591143159169
5855,4.15753669139739
5856,10.1503186152367
5857,6.48798453311309
5858,0.800281867350959
5859,11.1334938504158
5860,4.49532509194897
5861,6.44880631381656
5862,7.61167282197233
5863,9.86690006677206
5864,7.94793352992513
5865,1.37869750584294
5866,14.2780280391511
5867,16.1774335043916
5868,5.16524780895611
5869,5.82843972783741
5870,-0.205633047119562
5871,5.11668210448457
5872,15.9494008912602
5873,10.3813952994931
5874,6.98897453088024
5875,1.89914528973037
5876,4.0464287215676
5877,4.18714390153617
5878,16.4620763278521
5879,9.7098924626332
5880,17.1161588269993
5881,12.3155727853171
5882,5.60719582638983
5883,6.80071151515033
5884,5.94114165300861
5885,12.1970414537213
5886,6.18001729631801
5887,3.9537292495899
5888,1.71967405932329
5889,16.1410961982648
5890,11.4582290489327
5891,1.61671283904391
5892,3.6024061295522
5893,3.97717212871291
5894,5.72887581612943
5895,18.2739552843522
5896,8.7763377517383
5897,4.40934706610138
5898,10.1305130352625
5899,18.6023739150931
5900,9.43404293425699
5901,6.20856290537132
5902,5.78317741332547
5903,18.6208928538063
5904,15.6529040757242
5905,2.83332130984704
5906,10.0363955548881
5907,0.820930744218664
5908,6.11632607306969
5909,17.789778056215
5910,3.91991905987457
5911,3.08764751521352
5912,4.66908264925481
5913,1.38600856605313
5914,2.54369880230376
5915,3.07251239951085
5916,2.39297974474175
5917,8.34304739738566
5918,7.0285592877599
5919,5.48921452524407
5920,16.5360979865046
5921,3.56226279731382
5922,3.87431107231393
5923,3.64917792609504
5924,1.70760572775075
5925,3.22251292617918
5926,12.1512979242468
5927,5.02361749486872
5928,2.19672560864819
5929,7.7529847623622
5930,8.14767772853816
5931,10.6406077838348
5932,0.698432969364461
5933,2.20680090521006
5934,21.4999720598594
5935,2.24635603152696
5936,9.42819946201054
5937,2.45403151265944
5938,12.1210758921206
5939,16.07313438729
5940,17.4864757315095
5941,4.8124842220101
5942,4.81561269321568
5943,2.89387948468757
5944,18.7689930460141
5945,7.67096898431314
5946,4.42020942811153
5947,4.58360700961905
5948,3.04718571633784
5949,9.97646995874674
5950,10.269665230959
5951,2.27037930673354
5952,10.7864319495987
5953,13.2031179826308
5954,5.82087349959304
5955,1.853974368482
5956,6.23054762984924
5957,5.80491872409793
5958,8.71122801139922
5959,4.60884484597115
5960,7.56652033316073
5961,2.80188102225274
5962,6.83960958197704
5963,6.49541958060494
5964,4.89267896021432
5965,18.9414889929239
5966,5.46333408661055
5967,3.16210656465683
5968,0.231423102860781
5969,13.0934259102664
5970,6.13359730181467
5971,3.35210859667387
5972,9.33001021461921
5973,6.37708536497267
5974,4.89132971600833
5975,7.24779827391859
5976,15.2062757023841
5977,5.37411716279775
5978,5.23356805772421
5979,8.70879862441823
5980,13.2673742352273
5981,10.3646838498351
5982,3.90048517453813
5983,5.62962680573033
5984,2.76434838804794
5985,10.6920840058135
5986,8.24275126139525
5987,2.25877410826473
5988,2.24950641051853
5989,1.31136637410191
5990,5.04603514888431
5991,2.80919314318816
5992,9.82585564591151
5993,12.5273360864838
5994,19.8936419506706
5995,7.60989037837671
5996,2.35223805333028
5997,0.448247707960229
5998,4.14430462803037
5999,10.8837954137926
6000,17.6304520996001
6001,3.62608640655588
6002,5.17535377459623
6003,3.17684248581902
6004,2.35542184013974
6005,7.95763385417314
6006,14.3632885483147
6007,7.19006055831691
6008,7.76389035456235
6009,15.8506937780756
6010,10.2741842883909
6011,3.60756170476801
6012,7.10073881709195
6013,5.66753658278932
6014,2.9900787822403
6015,5.76379724492151
6016,2.844983689094
6017,4.89956028429836
6018,12.4921276057331
6019,12.3706054005794
6020,4.81285195617734
6021,14.5555821793227
6022,10.3772789484352
6023,2.40367642020434
6024,10.9566372157008
6025,2.67788447028838
6026,14.3065268294023
6027,3.50361000292786
6028,7.68962102404916
6029,0.699079166985861
6030,15.3008735661984
6031,3.1854708667104
6032,10.1898239032869
6033,8.07835593097326
6034,3.86450949106465
6035,35.4153214449583
6036,22.6779202154365
6037,3.76818140529179
6038,7.29079566892969
6039,6.75999290947089
6040,5.72324181536494
6041,4.72954387006375
6042,6.68637132986315
6043,5.19529041678435
6044,11.8739501636487
6045,9.08891509235086
6046,13.3290048537152
6047,2.17307347672094
6048,2.78430911688164
6049,1.64055413557059
6050,5.15813453589404
6051,4.00323157012249
6052,3.2746761315729
6053,5.18342604172984
6054,1.65065238584228
6055,1.6154935344041
6056,4.2124946582699
6057,15.2874856222295
6058,8.60228035747065
6059,2.29476679365468
6060,5.80271162370583
6061,2.16249957641769
6062,2.92870650969921
6063,0.825929204287321
6064,2.77512102747439
6065,7.33362187413361
6066,4.88386117871481
6067,5.51954841463362
6068,6.85904654289177
6069,6.99292254579676
6070,1.19351968395115
6071,4.47562173223492
6072,5.58494880082934
6073,6.27393547702507
6074,4.1114037930103
6075,9.64824747051759
6076,13.0655010368807
6077,-0.381294648073435
6078,7.77173572065525
6079,6.48873891271261
6080,7.53062958491121
6081,2.73611367638213
6082,2.65419172711992
6083,3.95108722800027
6084,9.0867929011759
6085,7.67665071537309
6086,11.9829901804029
6087,11.0921882283179
6088,4.65104165250296
6089,2.93812159328836
6090,-0.0624526325683981
6091,11.7062270163763
6092,6.08225522579277
6093,7.65265424248174
6094,8.34622214226181
6095,6.26804151016108
6096,3.36175565288367
6097,14.3790362302003
6098,9.65334595814994
6099,1.50657298418791
6100,22.7028080515406
6101,5.13727956468033
6102,6.78105987905064
6103,2.83536470275379
6104,3.90512289783647
6105,9.38497031978923
6106,7.00269217914667
6107,9.94766495344484
6108,7.208197436927
6109,8.11696510756971
6110,2.24180927876971
6111,6.58169887481789
6112,9.30569083777615
6113,8.65408463771769
6114,4.3058625606438
6115,7.55808132669438
6116,3.80963268550979
6117,4.74914157759968
6118,6.81896352167661
6119,1.50643748115417
6120,10.4455459729541
6121,3.15208768918373
6122,24.7954152238773
6123,4.39298041740948
6124,3.327839365153
6125,16.454005490306
6126,4.82524282131694
6127,7.50052733062809
6128,11.537071523531
6129,7.22336754481827
6130,6.97559779665211
6131,11.018923615036
6132,0.190653457856335
6133,4.35173496868449
6134,12.8251342641059
6135,8.59090744223987
6136,26.529090049622
6137,0.924534312316034
6138,8.24524076992326
6139,12.204322137706
6140,5.38778602293578
6141,4.88481304629394
6142,6.79355774534064
6143,13.5222748168904
6144,5.12433244752257
6145,3.07704600237185
6146,4.05591529951754
6147,4.81433697502156
6148,2.20525394791445
6149,6.61838608883268
6150,7.47276378900152
6151,5.32933243651295
6152,9.27067771108468
6153,14.2271493943429
6154,2.55455043028413
6155,15.295690547679
6156,1.67957650631709
6157,-0.71761259798043
6158,6.10361774246851
6159,5.27877276265637
6160,27.6658803067498
6161,37.6048728252023
6162,12.8583364333347
6163,6.0420823254338
6164,2.46213921115583
6165,20.1731357875728
6166,5.42546112586775
6167,11.2860595983254
6168,4.81812043670984
6169,5.25569061476572
6170,2.94533186192004
6171,3.30867353796634
6172,3.48452038763538
6173,18.5791692394465
6174,9.41195013814345
6175,10.1793141834012
6176,12.3344758664002
6177,8.67413309603652
6178,2.28121395807856
6179,-0.40273908843554
6180,5.06745739045819
6181,3.94096647732339
6182,0.943506681925261
6183,5.06845770773063
6184,4.39459420979177
6185,1.07074673476339
6186,10.5614199145923
6187,7.63627487691339
6188,4.07464972826223
6189,4.19499124707439
6190,5.47065447142766
6191,3.43359268430251
6192,2.71470077404272
6193,12.4526138458586
6194,2.53694097121357
6195,1.11187222962762
6196,3.25684908226258
6197,2.08041006511868
6198,10.2712362162499
6199,2.21237165781012
6200,13.8418953504483
6201,7.39198719989124
6202,2.32109675688354
6203,2.6902991659065
6204,41.6312344293348
6205,4.74504359324404
6206,3.22386618683969
6207,3.68296524833988
6208,10.3852247458686
6209,4.39417460204508
6210,9.65521078030579
6211,4.28622062160409
6212,7.05406065101677
6213,10.312988527236
6214,4.57629425207669
6215,6.38367097934161
6216,12.3788094243049
6217,4.80371097781108
6218,2.04168396290001
6219,5.47506314970336
6220,4.44721820684224
6221,1.80608274178694
6222,3.55452351714534
6223,5.52549501983418
6224,1.08414016376115
6225,9.55585097917142
6226,5.77661360817864
6227,7.25041150962851
6228,20.0924021748438
6229,5.77502043589086
6230,8.06693640975436
6231,8.82743645901371
6232,15.0356888931262
6233,8.0307405276387
6234,1.60161360941542
6235,11.4650990892485
6236,2.09517936958426
6237,9.34786502319773
6238,10.3993339780297
6239,26.8555620870637
6240,12.0675577231459
6241,6.47806041654126
6242,7.63779508864293
6243,20.1320644384174
6244,7.24105879348954
6245,5.27191114031435
6246,3.43171258348705
6247,4.60509281384699
6248,16.7525312561747
6249,17.805947857233
6250,17.4922644644405
6251,7.59204110533452
6252,7.30479675501463
6253,4.24103949546395
6254,13.5369451674003
6255,6.43884215289392
6256,15.422041369173
6257,3.19686561495017
6258,18.3087960152545
6259,-0.565707272450217
6260,2.93620256377253
6261,10.1744445040189
6262,16.3937197858199
6263,7.17753151240671
6264,1.97542779051982
6265,2.45790248445216
6266,3.40808533891983
6267,5.91366194327197
6268,1.17128271648594
6269,5.15556247288306
6270,3.28427566490937
6271,3.74875952536067
6272,13.9091758695621
6273,3.13176087425713
6274,27.2916583420287
6275,5.26752350090505
6276,3.67887814134061
6277,-0.377107473101624
6278,1.94042374036661
6279,5.39244930825299
6280,6.46214972734238
6281,12.4802303277693
6282,2.17247246321304
6283,4.94279339143308
6284,20.5440506153455
6285,3.88006996810296
6286,4.84987375901059
6287,4.18911027997067
6288,5.96229288087311
6289,3.59839004915738
6290,8.97232682800275
6291,-0.0565775158641575
6292,1.38997231564028
6293,7.64398961608318
6294,10.5423576791035
6295,4.75065346111205
6296,2.68865674438909
6297,2.4953657564449
6298,9.56226425627551
6299,15.0338395401643
6300,7.27717123664622
6301,6.47223565216302
6302,6.29330835546947
6303,10.3702750789
6304,2.5683204180939
6305,4.32857545430043
6306,4.40441347092302
6307,2.36729036415205
6308,8.64978255698236
6309,7.59587388372823
6310,12.341199118882
6311,8.1904140717448
6312,1.4831634017772
6313,3.29811385245856
6314,4.35669716292605
6315,8.81391854436209
6316,17.7304260268636
6317,5.61613181413886
6318,8.93477464247502
6319,2.7910165327593
6320,19.0074311850352
6321,4.2777956237479
6322,9.54148072900189
6323,6.39124182797456
6324,10.5775993566478
6325,10.428594450472
6326,23.2609140603877
6327,1.894170670522
6328,4.73763457802457
6329,9.06383876355098
6330,2.59370685068434
6331,5.49178639147054
6332,6.85920549699482
6333,4.67889379083903
6334,11.9336930685193
6335,4.81922779029014
6336,0.434977235952257
6337,12.8937852348183
6338,3.66141562021407
6339,7.58628013707945
6340,4.55408672267936
6341,1.12102398191538
6342,0.861595131716076
6343,5.24429792489436
6344,3.86002965675401
6345,3.66698051460511
6346,9.2059596074277
6347,6.8041282823583
6348,3.5486319156617
6349,6.14729208846314
6350,3.63229678233174
6351,6.54799777904905
6352,4.78974283334064
6353,8.58056505885289
6354,5.48712496739162
6355,9.64714076070498
6356,2.28359091131049
6357,3.10545234528657
6358,3.51679104688526
6359,5.93487865227037
6360,7.96744616617692
6361,0.93306949520684
6362,5.76050463556356
6363,8.70182301802734
6364,4.04741229005813
6365,2.4347801824649
6366,8.77060462218621
6367,12.413779924712
6368,5.42338213265439
6369,2.26015854550713
6370,3.65717200576587
6371,4.44833277350504
6372,2.59712519833041
6373,8.31867351006518
6374,4.29170834907706
6375,3.51790863165586
6376,36.4480328792034
6377,0.312702915175128
6378,1.3887368598736
6379,4.95754796692913
6380,6.4596155300918
6381,4.80660861921935
6382,5.66931490617934
6383,8.74483519250369
6384,5.86947762342215
6385,3.80262506555995
6386,7.96183044018975
6387,4.21329175319034
6388,10.9637314093653
6389,5.87949841889301
6390,33.6056188323972
6391,9.57559828742092
6392,1.32382529595851
6393,1.96092826614255
6394,12.709692975652
6395,4.62581975354678
6396,12.5758614699435
6397,14.9704259826606
6398,4.54820503430728
6399,16.0970400966263
6400,2.59520016098381
6401,4.93035499536238
6402,2.76112423155019
6403,11.190591622902
6404,3.77049434135152
6405,4.40549208106001
6406,4.74560167682915
6407,7.50942960736679
6408,10.3042660094619
6409,15.5890080759114
6410,7.85691875728105
6411,2.39952954245661
6412,12.8504781878044
6413,6.6819179621315
6414,5.44893637353135
6415,2.89761442320766
6416,11.2389340331322
6417,16.9266833154741
6418,6.69739446045467
6419,4.05600212992383
6420,5.66578469909403
6421,8.0559457249976
6422,9.11793339780327
6423,3.03020425464928
6424,3.50492958125331
6425,6.58633010141609
6426,11.6008700736758
6427,4.67839120960263
6428,4.30213514933894
6429,12.706363992536
6430,4.3377304149507
6431,6.38814048307827
6432,2.91209232806213
6433,5.75748213126455
6434,7.12589201364618
6435,19.2471661448527
6436,4.86179807633931
6437,2.01283769377453
6438,15.0127177566519
6439,1.28572747326626
6440,3.4407930992802
6441,6.6458286742885
6442,8.10350760406118
6443,3.56277512949321
6444,6.59105289568974
6445,7.87413910509328
6446,7.34061533423242
6447,2.99935229094403
6448,5.96956526767721
6449,3.35118729456847
6450,3.73330447971059
6451,12.3423865140365
6452,2.93949557789103
6453,3.72818922700131
6454,7.69642659896686
6455,7.92045832415622
6456,6.98666814334786
6457,3.2698579954585
6458,8.07760868656668
6459,7.44805665876239
6460,1.59857664870287
6461,4.03423061424897
6462,7.77122621619014
6463,5.79379854034021
6464,6.75627967163416
6465,8.25035219829945
6466,5.47918276501122
6467,0.519517005940115
6468,-0.243311510251324
6469,16.2653503870514
6470,9.76540323182078
6471,2.63867981604128
6472,4.42938159853427
6473,7.91059098251339
6474,4.48648640043473
6475,3.86037084308276
6476,6.27342904373865
6477,2.8804955999966
6478,3.47517723270508
6479,2.08134211230051
6480,1.79913094237083
6481,0.28988535293051
6482,0.824020133485395
6483,4.19573077869412
6484,3.12740595170107
6485,6.3769470179838
6486,6.78384493425898
6487,2.39466248979116
6488,9.03015434933339
6489,7.73043163703212
6490,3.27523082751431
6491,16.6661101134688
6492,7.18192132123818
6493,5.94865421271295
6494,5.06407892054589
6495,2.11679828546895
6496,8.90375074692631
6497,3.00405426872579
6498,3.38104155868388
6499,7.24220632890601
6500,3.70141985042606
6501,1.33827728848994
6502,14.5072227680984
6503,10.3917620434718
6504,6.17586807261086
6505,7.50672415186465
6506,9.38651798378936
6507,11.8414730200096
6508,7.86137420002556
6509,3.87904664437552
6510,14.9696296510669
6511,4.15222465395423
6512,8.20599112732704
6513,9.85836323526138
6514,3.39190583600899
6515,10.2952694607948
6516,7.68853427387891
6517,4.62525897241178
6518,9.72962971832714
6519,7.80371463170008
6520,16.6744798796853
6521,7.48559118318557
6522,3.83836286156618
6523,2.98967256321705
6524,2.08998725842812
6525,3.81131748448046
6526,6.05873525269351
6527,13.8509623399533
6528,25.1904801254793
6529,4.86649380968571
6530,4.03514579383713
6531,11.307633151194
6532,7.89449936826286
6533,1.90008823446817
6534,8.93293622204803
6535,11.0019408242428
6536,8.91847496564725
6537,6.2389371563946
6538,2.9387034078622
6539,8.06248335824165
6540,1.24109847094445
6541,7.87451435581674
6542,4.34733909817946
6543,12.3303089646472
6544,10.9017520703475
6545,7.95935832651781
6546,3.95830614216318
6547,8.54710387273059
6548,2.72156197355044
6549,3.66197195691666
6550,7.93930775365645
6551,11.3148466826259
6552,5.02840742286461
6553,3.71293594119216
6554,6.47366963855766
6555,12.7047762355938
6556,2.17427885849181
6557,8.37239112211516
6558,8.195897276626
6559,5.0072936486563
6560,5.8233022529975
6561,5.7731346141605
6562,11.2349119396853
6563,0.730560649945527
6564,3.53719448148106
6565,6.91084745985808
6566,3.44428756800458
6567,4.42761880778722
6568,6.56749949475397
6569,2.28568165638523
6570,1.81788202252677
6571,1.9077334879117
6572,4.71506185729274
6573,2.21460923308297
6574,7.03143199551023
6575,7.0485690249637
6576,2.45276737383696
6577,6.70543579547452
6578,11.690250655312
6579,11.4377649450174
6580,3.94120113525416
6581,5.11646843677103
6582,9.51379680021642
6583,6.44216917275203
6584,2.67922801582137
6585,6.26806529759804
6586,10.2822564043454
6587,4.58276471872621
6588,4.85258245358476
6589,28.9903172050987
6590,10.5735756221379
6591,14.1703664609299
6592,3.55446461833848
6593,12.7738844431505
6594,13.2401436336364
6595,8.92766337162589
6596,12.9851104472305
6597,8.85373939915999
6598,5.99603208523962
6599,6.87060876021536
6600,9.37248654718889
6601,1.64498918221336
6602,16.8772434891022
6603,11.9471498408918
6604,13.4489613730672
6605,3.47338088201756
6606,1.77747188312283
6607,2.02125100254505
6608,11.7719382402529
6609,0.111190547852731
6610,0.883548100914017
6611,7.10801936724434
6612,11.898604043166
6613,2.89944595709894
6614,21.339084554024
6615,6.66368485570227
6616,2.94265202904054
6617,4.38216898010007
6618,16.8318591192413
6619,3.95863055553535
6620,7.46601731078602
6621,0.98122076036247
6622,7.35728434694028
6623,7.73477125497515
6624,4.34477165299556
6625,11.0858917846887
6626,11.9454769940457
6627,3.01599585262152
6628,2.04072354717606
6629,3.03439108336734
6630,-0.480166255021601
6631,2.74019294836762
6632,20.0322459328028
6633,10.0416683420105
6634,14.5166701713944
6635,12.6516283710645
6636,-0.198018845747804
6637,3.10583167678368
6638,5.19568536520689
6639,3.3849720803215
6640,10.69574240503
6641,7.01224482799343
6642,1.46736437941919
6643,3.14182078701435
6644,10.2206862169076
6645,6.33763695759459
6646,21.8130270314053
6647,5.3053571472733
6648,3.36295084093092
6649,0.00143164007690721
6650,4.52095294937536
6651,17.90287182988
6652,9.01837112368037
6653,10.1781120786657
6654,1.78985131899888
6655,12.6974650374
6656,12.3536950700458
6657,8.70660463760865
6658,5.69611160100297
6659,6.99936794055778
6660,8.28161000527892
6661,11.3643134112392
6662,15.3691873390396
6663,3.466787596015
6664,17.219764360742
6665,3.35616225132105
6666,2.39364534216837
6667,14.3034531143816
6668,13.5673234051669
6669,6.04870221055586
6670,11.3499153701217
6671,7.00890262227848
6672,4.92924667160373
6673,6.38414623840321
6674,0.53771029428056
6675,6.61599089108534
6676,4.77734613878444
6677,5.6079331271834
6678,3.28527389836848
6679,6.75733952133312
6680,12.1627312785
6681,19.8011295208886
6682,9.56962703812939
6683,3.4604113862875
6684,3.48407217382212
6685,5.86588284321384
6686,3.95371423909215
6687,9.86762162309992
6688,3.27124129280974
6689,5.26920749717111
6690,1.22810454918863
6691,4.05417168086486
6692,11.9651766752592
6693,2.99488167360905
6694,5.5221509022848
6695,1.38859502318623
6696,5.7870009803901
6697,6.61037290299463
6698,7.70880470288224
6699,8.04018102386953
6700,5.15503730973143
6701,6.98015797197502
6702,14.649204917789
6703,8.04463125239238
6704,11.1796810251521
6705,2.42352146743166
6706,4.80523161370779
6707,8.29059436715303
6708,3.34148472024835
6709,13.4999506227573
6710,6.32489214818206
6711,11.3301631746127
6712,0.0415836738131254
6713,2.48347149662839
6714,0.329522140684068
6715,2.15028121624109
6716,5.35437099516299
6717,3.74387008195498
6718,9.26565206867002
6719,2.75120498790141
6720,0.353664708490488
6721,5.79976210083878
6722,6.37531871684329
6723,2.44527543671605
6724,5.333182064556
6725,3.15638041716889
6726,12.7250071758084
6727,4.97604610402047
6728,1.85062098555201
6729,10.9199890403653
6730,10.8612387046964
6731,4.75746566754881
6732,15.2182500288069
6733,8.54800074930835
6734,21.4247514662866
6735,5.64468676499387
6736,3.07267958185537
6737,6.0937459678827
6738,11.5752210753012
6739,9.55147888205159
6740,9.98189453259309
6741,9.71755072512245
6742,2.18211543373967
6743,4.11466657415541
6744,9.77211778470028
6745,6.4115214654754
6746,4.83742955376234
6747,6.74099775308801
6748,2.43233622318091
6749,22.4246340833394
6750,6.12662331285804
6751,6.87379867488312
6752,4.87743903160325
6753,6.94657226274209
6754,7.18965612535937
6755,1.38566262187845
6756,18.5948861073748
6757,1.9612106277169
6758,5.57997405773563
6759,4.25953111051997
6760,18.8701740428788
6761,3.83482561007447
6762,3.66204376870078
6763,25.6164274157612
6764,5.24354276568509
6765,12.3206557617025
6766,8.79664501268516
6767,6.97773490368834
6768,8.96596209897422
6769,6.25547759385076
6770,4.74176864109959
6771,9.72126463271822
6772,24.1130473508003
6773,13.9863101272546
6774,21.4975328347038
6775,8.59721124555404
6776,5.79265044689278
6777,3.30326246153047
6778,2.77659258692632
6779,15.3157612421291
6780,9.4279153442843
6781,20.9838523209776
6782,14.0312287135945
6783,0.577123427459776
6784,6.42359766561055
6785,7.12991047508556
6786,3.55148712846235
6787,4.24088740643914
6788,6.31442480856993
6789,4.39761003282057
6790,9.02841829835986
6791,11.6141855917754
6792,17.5256732874159
6793,4.50163661872528
6794,10.9576835379921
6795,4.86817597835388
6796,5.06593173766592
6797,3.80037186598638
6798,11.4455326083851
6799,1.9352222100524
6800,7.57164268656831
6801,9.05220482900792
6802,3.62541131973143
6803,11.7105033427748
6804,5.72007084303141
6805,25.5647090530397
6806,5.12667166209091
6807,11.6973705795349
6808,1.53927719265278
6809,4.95311024026889
6810,3.40042695858673
6811,13.4731417090367
6812,3.86409945937452
6813,2.9983330676768
6814,2.51418772858006
6815,10.4501111671649
6816,0.974934715600057
6817,1.78615149127124
6818,8.24646444686591
6819,15.3418627613019
6820,-0.733844670055861
6821,2.19059392979248
6822,3.07743154378923
6823,7.87995288530847
6824,9.87875925030491
6825,8.88089743911423
6826,12.0132793524183
6827,3.49472730727372
6828,9.67904354286183
6829,2.60423865940749
6830,22.2926113976122
6831,3.6659445315129
6832,1.78748747837243
6833,6.18711684119593
6834,7.14489534543152
6835,6.00476348365329
6836,5.51145269495962
6837,8.25416752944067
6838,9.77768014107505
6839,13.9148780732705
6840,8.32111224972851
6841,4.29366944611998
6842,4.08586195070427
6843,4.22866424983067
6844,1.85924036876094
6845,11.4287586187998
6846,6.00556921297569
6847,6.94318950121769
6848,1.25928810955766
6849,7.04595151884362
6850,15.1099799512737
6851,5.42731905134901
6852,9.44008000633746
6853,3.45629239197866
6854,3.05670967307926
6855,25.6416014450735
6856,6.1398173172465
6857,2.05009611532487
6858,3.53640439604052
6859,0.000481753668401197
6860,13.901578055743
6861,2.8596281841104
6862,23.3678537256675
6863,3.04391433548667
6864,11.7565833290946
6865,0.108764023213981
6866,3.53535512842218
6867,12.6929798762415
6868,2.06722623073314
6869,6.83199860591913
6870,4.7037466969158
6871,4.78252237658636
6872,10.342622889438
6873,4.19058638756667
6874,11.4253864972134
6875,9.0802151831564
6876,6.56519976097256
6877,5.55383711232655
6878,6.27800678757202
6879,4.87792954268367
6880,0.00428180490564145
6881,8.06590777511652
6882,7.23481390360643
6883,13.2142297790842
6884,12.7247551254907
6885,11.5386786309448
6886,3.34992246650717
6887,5.60688716478294
6888,27.4906218281259
6889,5.37881048175442
6890,1.46989318478816
6891,2.23045635974707
6892,1.35483722686972
6893,9.986194470892
6894,8.71359199725362
6895,6.21301570939729
6896,1.48515896554414
6897,6.04251336233125
6898,7.18721099319611
6899,3.25780175848003
6900,17.7673039379544
6901,2.71383696249668
6902,3.14124191466353
6903,6.32086063662726
6904,14.7171905477289
6905,2.14364493236497
6906,3.1166858041005
6907,4.5534535413107
6908,2.59813840080416
6909,14.5435254408325
6910,11.7174719864779
6911,6.88427041951214
6912,3.8025106210193
6913,5.95802473562351
6914,3.80322804425966
6915,8.60053743871845
6916,2.47603222371186
6917,0.299032207327345
6918,8.08484800780377
6919,8.55837398037395
6920,2.06830512689639
6921,4.82864542456886
6922,19.2136550936336
6923,25.5299908027613
6924,8.7322558604689
6925,0.875886527875154
6926,17.7243606117049
6927,8.90385099802845
6928,3.47953461412013
6929,3.20016725294529
6930,7.82797816366882
6931,23.2310611749404
6932,1.65435676661553
6933,5.2861362154515
6934,1.33253108572796
6935,5.42349036762818
6936,6.51363616368825
6937,5.36651364399
6938,4.71143229306163
6939,5.14882956896977
6940,6.51238376520459
6941,6.21683191042851
6942,4.77586209927936
6943,3.30028801567792
6944,6.59866248086835
6945,3.31643020224063
6946,4.62408516831227
6947,8.17970639224089
6948,6.58901460552172
6949,7.42180035627439
6950,9.3831227221748
6951,18.1251716036236
6952,2.26719546551819
6953,1.69741759949165
6954,7.38398377625641
6955,6.68117505746409
6956,4.03909161033082
6957,4.85000895669612
6958,10.574416688973
6959,3.80453681955239
6960,3.72121466327203
6961,0.285808960715521
6962,1.95345451176483
6963,-0.366113214335442
6964,10.8096670277567
6965,2.37600159912433
6966,4.57060060654281
6967,2.46080767001402
6968,10.6932511199745
6969,5.2771350132336
6970,3.42921333361854
6971,12.0136951734378
6972,16.107481251774
6973,6.56373794196224
6974,12.6473214457547
6975,1.38491318651572
6976,9.56468697814804
6977,11.7497484322765
6978,2.13415682202283
6979,4.34317560256475
6980,12.1268211858686
6981,23.6558635712684
6982,9.01569328420098
6983,7.62139485735405
6984,8.93793460526962
6985,11.0922822801494
6986,14.9812754471536
6987,11.8903261326512
6988,3.47435191338651
6989,2.71939762908855
6990,7.57553056751394
6991,1.00816034461072
6992,10.1486548687461
6993,10.4255385501698
6994,11.3111525888264
6995,2.69926584011114
6996,3.9506905109128
6997,19.957232465548
6998,3.31026558018156
6999,7.34333951709357
7000,3.50730060971521
7001,2.18011541187044
7002,2.91343932021261
7003,8.13581607605833
7004,5.55580152421899
7005,3.80428992749262
7006,15.7337485077947
7007,4.27316505426117
7008,7.14802614140731
7009,1.22847007457322
7010,7.01575769036564
7011,2.97547356997489
7012,7.8495965554907
7013,6.77029129998175
7014,12.451888192997
7015,6.329030198605
7016,3.25463308991177
7017,13.9690838830547
7018,5.10995571903989
7019,3.35828980177171
7020,2.33339190272669
7021,2.0103976879198
7022,1.2536930788598
7023,7.80066436026679
7024,9.82194528405032
7025,2.38569738700673
7026,7.8491234602323
7027,5.21951624765092
7028,6.33465156612845
7029,6.26733263355399
7030,9.56964229666936
7031,6.23500579231637
7032,5.22279281803718
7033,9.18657561459784
7034,0.47565268678918
7035,8.54440591085122
7036,6.80198459125042
7037,7.51461459631706
7038,5.41574345400858
7039,2.94959250251618
7040,11.9879664029156
7041,3.14729901821984
7042,8.42842811289419
7043,13.7381442317453
7044,5.46484951877591
7045,11.2174482336532
7046,2.14398992400615
7047,1.58926454087366
7048,18.0545037619653
7049,15.1763219767113
7050,-0.355149339625068
7051,7.87217282912766
7052,2.45224578369809
7053,15.026876546914
7054,3.31488536789241
7055,7.91493800303472
7056,7.05026863178083
7057,10.8400178922794
7058,-1.45018484289106
7059,16.8792904334163
7060,8.41133997375651
7061,1.113287931184
7062,7.74632976316135
7063,15.0517102898035
7064,9.51784612739997
7065,7.76794972746526
7066,0.343727937084664
7067,9.29179330155072
7068,13.5253647842974
7069,6.08368576065421
7070,0.900443802852392
7071,4.70358735450158
7072,10.3205814701867
7073,1.7616349965649
7074,9.42369656811985
7075,2.15623910510023
7076,5.60587633840268
7077,6.99741289007747
7078,10.9552310049915
7079,2.13274030165778
7080,6.5358530441439
7081,4.0453546054216
7082,4.93263048754807
7083,7.98698503445232
7084,10.2286020778338
7085,12.5456324227737
7086,4.10882240272035
7087,4.69430697098015
7088,7.24477016219303
7089,5.73536855883808
7090,2.78776742480516
7091,9.9749470427923
7092,5.8924219107581
7093,2.81497479692883
7094,3.96887372606504
7095,6.74597963875434
7096,11.8741720313547
7097,7.61360036645281
7098,6.68263167374344
7099,1.08810893379501
7100,1.36692896638773
7101,2.74169240355848
7102,0.732926444314156
7103,1.13139376121733
7104,17.9543131720067
7105,9.22477051904753
7106,14.2747306044693
7107,9.33766066660194
7108,2.0491934837437
7109,7.48116888455155
7110,12.7955690570412
7111,2.40496135079201
7112,6.40212736179877
7113,6.75396714030046
7114,2.625962516777
7115,2.61015544458352
7116,15.7314585968148
7117,7.34961579015581
7118,4.64652671550784
7119,4.56699954664345
7120,7.12361286986324
7121,19.4873056047626
7122,1.21201608316345
7123,6.92250795214536
7124,4.53701578070683
7125,33.1957502172416
7126,4.67298394122899
7127,2.05490797877496
7128,13.1867283301473
7129,18.2678712432614
7130,6.2860605008435
7131,3.56087964095063
7132,8.64566540236705
7133,2.15832989376512
7134,4.92159241804486
7135,3.05663476908321
7136,3.63548616340138
7137,3.76015554725676
7138,7.59986058158362
7139,13.8036794974622
7140,1.75923471099605
7141,3.52746880927536
7142,4.32337387815462
7143,4.55566945570506
7144,7.60216529031338
7145,2.99385167892024
7146,17.2400394636987
7147,23.161341049127
7148,-0.152563994751846
7149,16.2100462503868
7150,1.50024156342591
7151,5.72691195407551
7152,5.05079532038354
7153,7.79648145217324
7154,4.44665010815725
7155,10.5922702967172
7156,10.1742215626229
7157,4.10462824374586
7158,6.01151668582221
7159,1.90113184746674
7160,2.2095634826792
7161,14.1433368369367
7162,4.99434012507299
7163,3.94873005566981
7164,2.41232172252507
7165,4.16076808375731
7166,8.65893467761189
7167,5.72522091582298
7168,5.40970777903421
7169,3.38299689390634
7170,5.87316527875374
7171,7.23960527753092
7172,2.99616729363463
7173,1.82735623328111
7174,3.70128561700784
7175,7.74624155476997
7176,1.42239174459285
7177,6.58965867674031
7178,21.7451303139808
7179,9.53947042385946
7180,3.59575306623335
7181,-0.733329844004356
7182,14.2155344219633
7183,2.75099364036867
7184,4.85100428776257
7185,6.2092078749329
7186,3.7520955668028
7187,6.84470553237516
7188,6.45881190450864
7189,17.3622438177604
7190,4.87159416644153
7191,3.99847383940484
7192,4.69086306483976
7193,1.38578101795796
7194,4.75280141553806
7195,19.4860912181092
7196,2.22523697076666
7197,9.16351597868198
7198,15.21600981071
7199,22.864197972445
7200,5.66728379838615
7201,4.66665670660147
7202,2.56874612009985
7203,12.6727165285205
7204,2.07272604002921
7205,10.8914341110586
7206,6.36641403516967
7207,7.64026423697386
7208,6.68081375051839
7209,13.9574035598918
7210,1.17366437006275
7211,4.53481027867426
7212,7.39108878845652
7213,4.32664231047087
7214,21.3766659421343
7215,3.34875230613088
7216,6.07605083154982
7217,3.4365789913029
7218,8.80193461523387
7219,3.36966860015747
7220,4.60753259609564
7221,12.3701481956283
7222,11.7072159820078
7223,1.30930344345523
7224,7.31560461722726
7225,5.4508771427001
7226,1.81349814693914
7227,5.89877226756786
7228,2.42572848737215
7229,1.88897779654614
7230,2.77002088266869
7231,1.53180044674439
7232,11.4679843481003
7233,12.4671620765837
7234,2.46507837735778
7235,19.5210969534285
7236,19.2770311738313
7237,21.787317183015
7238,7.71241263397224
7239,7.57230389992676
7240,4.2251843284489
7241,5.65424176344661
7242,5.51429203749985
7243,9.56892735909981
7244,2.89478486493702
7245,8.76003001313809
7246,4.39865800044888
7247,3.02827950248338
7248,12.9777508711194
7249,2.58935290944834
7250,0.208050808654239
7251,14.8992978977166
7252,8.63629537475331
7253,12.2944992213032
7254,5.99451354217023
7255,2.64260005520677
7256,7.27724592656891
7257,0.654446729960262
7258,0.898819886536967
7259,9.81835721264124
7260,4.35324187403962
7261,2.85515829275066
7262,2.99332812250979
7263,6.170582129914
7264,2.94539416138778
7265,2.225691348225
7266,5.12583561988408
7267,10.2094378548058
7268,11.1774689882539
7269,1.81079606857019
7270,5.55910287892249
7271,3.37151044319157
7272,3.23694634802634
7273,2.38880262587306
7274,3.34537151896833
7275,4.91010108358921
7276,3.97012762914272
7277,27.7657260861213
7278,4.88186126019528
7279,2.83810791974714
7280,2.54729668723913
7281,2.60804449655045
7282,10.2027424052974
7283,6.63050858657741
7284,1.12907646320775
7285,4.51080380451397
7286,3.12613354175857
7287,4.52185165309396
7288,6.27447066875171
7289,1.04140420838648
7290,7.95954055296937
7291,6.31269279270819
7292,2.70982765426433
7293,0.0600600419404618
7294,2.38933602857243
7295,6.35224889786339
7296,2.51564579773843
7297,15.0600475271458
7298,3.771999088801
7299,17.3658223020617
7300,10.5999438878032
7301,9.24645932087888
7302,11.7861826342083
7303,6.27875772727148
7304,8.39162117698928
7305,3.74938636091898
7306,10.0207568758744
7307,5.75899255163227
7308,8.67414062505826
7309,2.28812962928291
7310,0.350520943443751
7311,3.00686214522326
7312,2.83920057018872
7313,2.0852336141232
7314,16.0757766450244
7315,13.2503341571125
7316,9.43911605257212
7317,1.54178460094763
7318,12.719192228222
7319,1.48844617896278
7320,1.57887965799654
7321,2.12334286888405
7322,5.40504414969526
7323,8.1977674973482
7324,14.4943226083315
7325,2.54313663985704
7326,9.11621433287495
7327,11.7338584591177
7328,1.35340417497201
7329,11.5466851585755
7330,2.30765941247735
7331,8.14337652437898
7332,6.14851476058062
7333,6.92624367337455
7334,5.0907047009642
7335,3.31809650506474
7336,8.36867962831919
7337,5.75221752863017
7338,7.10857078613177
7339,10.203302183702
7340,23.7760373590555
7341,3.72429931810896
7342,1.61725952391275
7343,2.64979927563224
7344,3.95704770545609
7345,1.74049897460544
7346,12.8468395612146
7347,3.83481983377385
7348,9.6717964209995
7349,15.5985165623983
7350,6.50479555474128
7351,1.43366977159935
7352,14.7478197000867
7353,12.3250827498347
7354,4.9282229285829
7355,8.62451839348896
7356,14.9946675516839
7357,14.249318600037
7358,3.99838297191568
7359,0.424861603078083
7360,7.38971668057521
7361,4.25246260134723
7362,1.7770576006668
7363,5.18564974493499
7364,11.3266407587798
7365,17.2512686976378
7366,4.84001122135789
7367,7.07877357885773
7368,13.4587597790369
7369,7.60175821560915
7370,7.53441750863758
7371,12.7897596235311
7372,11.5293409332236
7373,6.83310316964165
7374,14.5737084637911
7375,9.39218284021698
7376,5.28632463008472
7377,27.7397150580539
7378,3.97864035438452
7379,5.08992500336368
7380,8.72038376891638
7381,13.9228697105345
7382,5.3296326142671
7383,11.6446354993801
7384,10.4096830835362
7385,6.71451848618592
7386,8.84628047834434
7387,16.2112254389626
7388,2.42593184219456
7389,6.70739880658827
7390,8.98536565819371
7391,1.07306677644135
7392,2.79271831243976
7393,5.01197469248516
7394,12.8977747288032
7395,3.53297476643393
7396,1.08467777925764
7397,9.18625471408339
7398,4.55676147149144
7399,9.04526043497303
7400,5.50051396380402
7401,5.10308181018089
7402,3.89478153614452
7403,16.1535942852896
7404,5.81308430232499
7405,11.1732697028799
7406,5.90141775639441
7407,7.02592554525864
7408,8.18610543917918
7409,2.89346574718727
7410,11.4712893845915
7411,4.50018725639794
7412,7.86353819723003
7413,4.5081902495607
7414,0.539115729093258
7415,10.6864901978633
7416,2.19063125152902
7417,11.9716300785082
7418,5.44075691314872
7419,5.23897843119363
7420,2.44053495449088
7421,2.01739140583263
7422,2.59554919353055
7423,3.89394620024307
7424,6.84296151756334
7425,2.71238722872281
7426,4.83436965123858
7427,2.83929345252975
7428,1.93569753031692
7429,4.75202049580095
7430,3.0499493300802
7431,0.881922419446357
7432,3.60385056894528
7433,1.6414161682467
7434,4.47248489284243
7435,9.54696549607178
7436,3.84289223772766
7437,25.8276220775112
7438,17.9609887479824
7439,8.94678744292262
7440,3.81808858504748
7441,4.75274058109942
7442,3.15154527638566
7443,5.78464888095225
7444,9.53542216734218
7445,5.79730337817278
7446,-0.933160803933358
7447,-0.488957726204429
7448,4.55954423503491
7449,7.41855843229625
7450,2.35896503081735
7451,11.1065334158589
7452,7.90749429879661
7453,3.76563161719054
7454,8.19893330089715
7455,6.90676217714741
7456,10.0258803907896
7457,6.3701279587679
7458,8.08113329477652
7459,8.98571817277603
7460,8.64610899884895
7461,0.425246394624233
7462,11.340905522904
7463,3.74749768080198
7464,3.53243104991261
7465,5.40548671830918
7466,2.19255829251104
7467,4.03581601989374
7468,4.61401703355094
7469,8.78784008968628
7470,11.0481820153672
7471,7.39254151213815
7472,5.50227222790017
7473,5.10797414404812
7474,2.02908167288731
7475,13.814387845968
7476,4.5351413634083
7477,6.04950109899987
7478,2.53027470708543
7479,5.53711465029952
7480,6.45641298370204
7481,8.77454585099501
7482,23.6210253695188
7483,15.4370412767747
7484,6.32417014425273
7485,5.76952139639581
7486,3.85866303065994
7487,4.67626722619379
7488,4.63130128348749
7489,10.7238542178506
7490,3.28359747500678
7491,3.92297494926193
7492,1.24527708208974
7493,8.61759929182598
7494,5.97213441987314
7495,1.22445748510998
7496,1.23549378387732
7497,12.4684883708359
7498,8.30128515413659
7499,11.5851091500868
7500,6.58275176494663
7501,12.9272464551185
7502,5.57934735575853
7503,3.19830380615609
7504,6.02252593012281
7505,6.21178360851961
7506,3.18623629415293
7507,11.3352702290555
7508,5.16932392694603
7509,5.5671417329476
7510,16.554724688497
7511,9.04619582349164
7512,6.27660193296045
7513,3.56169157237197
7514,6.23186086407238
7515,14.9292628831963
7516,8.42687505502478
7517,3.78475478361082
7518,6.70650460615229
7519,9.03001308808371
7520,3.53335157300715
7521,5.11530823611337
7522,4.31632759646982
7523,8.97559195052251
7524,17.5403272808736
7525,11.7352519022948
7526,13.3555433212391
7527,6.16173084913352
7528,2.82769260015572
7529,2.58381501934587
7530,1.30173977117507
7531,16.0210698756375
7532,6.39166804302579
7533,2.03672635084583
7534,13.9505918049682
7535,12.1107479481456
7536,13.8111722484274
7537,8.20813233944834
7538,3.02034993708878
7539,2.59426547998219
7540,9.1604060186537
7541,2.85845458014113
7542,8.93632349800799
7543,11.8007735586638
7544,4.94168160886931
7545,1.60922164736171
7546,2.98480184131769
7547,8.50646143550198
7548,13.2595037201938
7549,7.23267907083296
7550,8.69318356498888
7551,3.61027543358846
7552,3.13987579273782
7553,12.0293794810968
7554,9.81413605141756
7555,7.65984796545096
7556,2.56443479919117
7557,8.39090900640789
7558,1.2652642531016
7559,5.04829025919592
7560,9.05020187840355
7561,1.8985896399361
7562,5.83562413610576
7563,3.66585653022254
7564,10.4259668069389
7565,4.10268175626988
7566,1.08796875640448
7567,5.39649500307108
7568,3.55466283257495
7569,4.77528665135941
7570,11.0296186301327
7571,0.913108731678721
7572,4.60289482851757
7573,8.56526871627144
7574,8.86055310573242
7575,8.09757246939198
7576,18.6548604085849
7577,5.69226310496621
7578,3.10151945696211
7579,5.95242580782114
7580,27.0963595978528
7581,8.62089368922569
7582,4.89314563818587
7583,3.6640503749005
7584,5.47328337803292
7585,7.07002559895728
7586,10.2950619979976
7587,9.23749155680968
7588,23.598929483032
7589,8.64381009995053
7590,2.01008618777261
7591,9.50326613692831
7592,10.8633781381901
7593,1.71488491223837
7594,2.02744047702102
7595,2.40930436592064
7596,2.02113583374135
7597,3.85672761641178
7598,2.43408494515879
7599,4.68080228964644
7600,1.4902238012786
7601,10.0877973155267
7602,2.87043787268402
7603,10.3022221112604
7604,4.26796725152112
7605,8.85151924462796
7606,6.18302064023625
7607,4.51285672015743
7608,11.0785356376132
7609,18.1273644792136
7610,9.81348886464309
7611,12.9205748822924
7612,5.07755080875008
7613,11.7659433711383
7614,6.93517240795978
7615,11.5597624953639
7616,2.25354369932292
7617,4.34086003955201
7618,2.25386174573126
7619,2.14649940259036
7620,3.35875036489234
7621,3.26253719739348
7622,11.4384880407077
7623,13.4614628789296
7624,5.40527795870367
7625,6.57581516762249
7626,10.1316822501478
7627,4.58358905404113
7628,4.03303432079671
7629,9.72447864308969
7630,4.38970576281777
7631,2.79073832806345
7632,6.34870498122005
7633,12.4541979468096
7634,5.48160387878942
7635,4.61276413227729
7636,4.19925127600753
7637,8.05869091435637
7638,1.6462578388981
7639,8.37106343482759
7640,8.8141005339452
7641,5.23514038245075
7642,15.447684965248
7643,3.4156924871448
7644,11.3257614043748
7645,6.35187951026468
7646,3.7168580034607
7647,3.89442401643162
7648,1.53296167849308
7649,5.21426890822165
7650,14.0699046388858
7651,24.8016591287753
7652,1.90908648491815
7653,7.07327825820138
7654,4.73955169895482
7655,2.81851931549155
7656,3.42729077041517
7657,5.12662018864149
7658,16.6475092040552
7659,13.5153743137833
7660,16.979819799967
7661,10.5003175599179
7662,2.83399058225975
7663,4.12951675891343
7664,2.37017041429425
7665,9.79391449132039
7666,15.6256715836473
7667,3.45629061383084
7668,2.63706247285544
7669,6.69538246494705
7670,6.42675669626095
7671,9.27909727404373
7672,10.8984961788566
7673,2.81597210350172
7674,7.42667835956172
7675,4.40672468107911
7676,5.56239475366018
7677,7.0279357702598
7678,4.09428735414421
7679,1.3668025101931
7680,3.36822953719221
7681,4.88015025472716
7682,2.20817866080294
7683,5.60759973266026
7684,10.4809986699567
7685,0.804821245377906
7686,16.9461953402422
7687,12.260757384583
7688,8.64954884667801
7689,4.23842172716111
7690,10.447606147913
7691,4.34954878293438
7692,6.77641764533681
7693,5.28096919531009
7694,-0.469407137997486
7695,8.96083632432493
7696,33.1506543472098
7697,7.06554937886319
7698,5.04798507839565
7699,2.73786746180185
7700,11.6930497783467
7701,10.0551601709117
7702,5.9545135122178
7703,1.63200721766208
7704,12.1258412484055
7705,2.28248683738253
7706,22.2497137953583
7707,3.03662600632119
7708,19.1240161960727
7709,5.17326630946446
7710,6.71313998472496
7711,8.76544674548727
7712,0.749200492646553
7713,10.8664101868973
7714,1.40564688580554
7715,2.88589255417813
7716,3.41332922816839
7717,10.6585821014156
7718,3.39775584132282
7719,6.3509554302407
7720,4.84362468210234
7721,3.92836370807141
7722,3.34061264097111
7723,7.08487422468441
7724,-1.87148927092721
7725,2.85343273839633
7726,6.36173239928
7727,11.2620552784064
7728,3.8978401876073
7729,18.908865218625
7730,10.3736806844803
7731,5.70194309402837
7732,5.67136934157216
7733,2.82187537866422
7734,6.13639639077862
7735,6.49336558403839
7736,6.75514031502963
7737,18.8402199519482
7738,1.54341476180869
7739,0.782289433831973
7740,22.5211496904819
7741,15.8187454635288
7742,12.4600889198792
7743,0.759448866210854
7744,3.05400247173799
7745,2.46443926620381
7746,10.2757403204215
7747,8.43050885505411
7748,5.50051957222337
7749,24.978910135299
7750,1.50868071641102
7751,12.1348470504924
7752,14.4966798494263
7753,10.8714498214667
7754,0.893923783048441
7755,1.88507815601746
7756,6.35957770235534
7757,7.33029148935613
7758,6.70735387464432
7759,5.95562305078027
7760,8.26970732653942
7761,5.04674571660126
7762,-0.403143768110359
7763,6.11296772530671
7764,3.56749404906463
7765,9.49524698739005
7766,4.92706857117441
7767,1.57484067982834
7768,8.48280090004087
7769,15.6099327804744
7770,7.77280718209276
7771,12.0222563031434
7772,7.71231153027961
7773,12.118787863019
7774,4.00096460535104
7775,12.3553914369186
7776,1.92050324933576
7777,9.37570685137202
7778,5.71251116432604
7779,4.12096804328807
7780,3.50830373351551
7781,7.44751360156853
7782,2.7294756147096
7783,14.7370140617482
7784,12.5803948615951
7785,4.03850867456686
7786,10.1582024596683
7787,10.2269224447127
7788,25.1051633137025
7789,10.3657091548733
7790,6.54276723557243
7791,5.21550677240199
7792,2.23015561373968
7793,3.10148991279656
7794,4.49419938133263
7795,3.80861405645179
7796,6.7617016888802
7797,2.41335777954153
7798,3.09238224627253
7799,19.2027964737368
7800,6.22297703768709
7801,3.87784128659265
7802,0.936003756491419
7803,2.68632357199384
7804,14.6082113420996
7805,4.86805473544825
7806,2.52720409198498
7807,2.4766234247146
7808,9.86150800367401
7809,8.52458563120075
7810,10.879024100157
7811,4.3492025426562
7812,6.95334675637346
7813,8.73482361968892
7814,-0.112239822018358
7815,5.97144470483927
7816,11.2384734677846
7817,4.69302893315079
7818,6.55842001362893
7819,9.50210921719133
7820,4.16192311186175
7821,20.101407568503
7822,15.4758531209978
7823,21.1732782971479
7824,13.6795171323799
7825,4.84590749385695
7826,3.11400140831145
7827,2.1013335590938
7828,2.84815341581031
7829,7.07136170999442
7830,7.38849753016888
7831,1.51061490659925
7832,1.58434278567947
7833,4.81052264173433
7834,3.86219717877653
7835,5.40138877811068
7836,10.0487007314125
7837,2.55649894646421
7838,3.41776644535448
7839,1.92534183778301
7840,6.10413520809582
7841,10.042574010144
7842,10.3661053335825
7843,4.65449948898948
7844,4.04563466762334
7845,4.82129288037784
7846,7.58078172238315
7847,5.9242648520164
7848,3.46247958791825
7849,5.752603351891
7850,3.53653877080685
7851,9.9950946421323
7852,5.56812067494436
7853,6.46924930231804
7854,9.09782733756493
7855,4.17483798243075
7856,6.11195984744074
7857,5.12992052630949
7858,1.65767381971694
7859,12.0785517627423
7860,-0.761765803981156
7861,4.80413364163943
7862,4.84376039720115
7863,2.97474758570054
7864,12.1530131776754
7865,3.00623261597954
7866,0.947603127222331
7867,7.61811376938862
7868,8.08463462495314
7869,6.77750829437045
7870,15.7347258369275
7871,1.75484322658616
7872,12.0414865962587
7873,16.2100049743443
7874,14.5970202732385
7875,4.7356466018754
7876,7.46643137178827
7877,2.46891576937512
7878,7.54609950219466
7879,1.45255164459193
7880,-0.485910904345738
7881,18.4507366363048
7882,3.95877461910611
7883,3.25015959738129
7884,10.0731965306727
7885,3.2805147897198
7886,2.75611281508683
7887,5.57320700909056
7888,3.1040403147333
7889,11.7761548358715
7890,5.67657195663563
7891,7.16327063700059
7892,5.60427533684727
7893,5.33098425899083
7894,1.99615862638712
7895,13.9093181022693
7896,10.5196121112498
7897,2.91843019628568
7898,1.42278744570651
7899,4.16727087686341
7900,12.5502321079838
7901,9.61573044765397
7902,8.14787000490075
7903,4.4833235347865
7904,11.3253382684794
7905,3.0583298063587
7906,5.86647120307164
7907,7.97915909099045
7908,2.07257951350421
7909,9.27399882842618
7910,7.3881781196203
7911,3.91068793179037
7912,16.3165999456719
7913,7.30668998031338
7914,6.10276029342085
7915,14.597526110659
7916,8.6107488360369
7917,3.998510204852
7918,20.211657892538
7919,1.97139617893477
7920,5.92894528516624
7921,3.1299469040696
7922,8.10695205042545
7923,3.79561034275447
7924,9.84025393448999
7925,6.16029168056347
7926,14.1172398901302
7927,10.3806112100905
7928,5.2195696415216
7929,5.36584270775835
7930,-0.00107365589953901
7931,10.4101469707087
7932,4.50203279168912
7933,4.0160574668716
7934,8.77938064949755
7935,2.44425985613743
7936,3.20172465481736
7937,8.76646559160584
7938,6.14311498437887
7939,16.1729885721137
7940,10.1392557812055
7941,9.62263162111225
7942,8.89878927556701
7943,5.49390975249783
7944,5.17253386059239
7945,5.44608471790124
7946,9.0527464384706
7947,3.2113230478631
7948,3.06998677892128
7949,1.61601396199054
7950,4.15065180340744
7951,20.8906637328259
7952,5.82899912710847
7953,10.5438098602791
7954,2.9475330144676
7955,11.5850048530338
7956,12.6948483501114
7957,8.75333574665718
7958,10.2907313204882
7959,28.0510799375597
7960,-0.0552539477613561
7961,3.80727962352105
7962,22.9515309661038
7963,1.36787980592735
7964,1.46483612153777
7965,2.37946445631905
7966,11.1866518156431
7967,1.23658847880674
7968,9.36555274713346
7969,9.49407470155356
7970,16.1191824755803
7971,1.36293373447927
7972,2.08486716886342
7973,8.59730309685398
7974,15.7886762285868
7975,1.83689167908278
7976,1.99263020956517
7977,2.81535670719284
7978,6.41586969254823
7979,9.94319887589235
7980,4.6181156011985
7981,4.58254695079149
7982,6.89299664626132
7983,3.32773106882866
7984,3.10939279221227
7985,16.6402691959632
7986,5.23350718019632
7987,4.6454454937996
7988,11.3660135838867
7989,4.26545774096583
7990,8.7926229120864
7991,5.80059266575568
7992,4.75489239005013
7993,11.3648295494661
7994,3.98753707122282
7995,1.52603243743753
7996,7.81928577876192
7997,-0.500498197580281
7998,2.11929690226607
7999,7.51206790471884
8000,20.6291758929683
8001,2.84412353541811
8002,5.58368237408181
8003,1.086304200752
8004,7.27843416741357
8005,4.41332342419077
8006,8.97807364327502
8007,4.45829781735576
8008,3.88450852446216
8009,6.07004954904996
8010,4.05344011919034
8011,4.61096528237011
8012,1.92051468881089
8013,9.7782836134915
8014,3.50998433894847
8015,1.95880831687403
8016,18.2227752705826
8017,24.4957748658775
8018,9.70830689043084
8019,10.5015175139585
8020,10.4381772431515
8021,2.60903536802782
8022,4.34858644841097
8023,3.73656230143777
8024,3.73024807865106
8025,1.06912567060562
8026,7.38550276611352
8027,6.29934592161125
8028,4.49691092097502
8029,9.21190673048451
8030,5.09865205966905
8031,3.75833107207613
8032,1.67978383389906
8033,6.6259252743482
8034,11.1345671695609
8035,8.0497124654725
8036,4.92748540126206
8037,2.96139361440547
8038,4.92651311484773
8039,8.99120488941971
8040,11.9932808756559
8041,28.7741744898306
8042,1.55154563715197
8043,0.748810569006773
8044,10.1836919360371
8045,12.3737956352218
8046,14.9717738693741
8047,2.3742728967467
8048,11.7551027732956
8049,5.13504998178963
8050,9.3725145156976
8051,12.0932397437694
8052,8.55950004748362
8053,2.03491867199405
8054,4.70271798457038
8055,6.70458132373601
8056,12.9057699730243
8057,6.38145039910613
8058,11.7856497853832
8059,0.691251561905307
8060,3.22048333773038
8061,5.40304451129921
8062,6.31954263280452
8063,4.2490474622925
8064,2.87012797721169
8065,16.047993890668
8066,3.48265169451265
8067,16.4111392756115
8068,3.91308962636566
8069,4.51600738621643
8070,8.86098631261967
8071,2.86632967828057
8072,2.48156426181999
8073,19.8175848436173
8074,12.7189086057766
8075,4.96448815924977
8076,5.82581665059758
8077,1.16355079132533
8078,11.7174040973043
8079,9.23720311299899
8080,4.77699378591947
8081,10.348508573479
8082,4.51266244171741
8083,5.30230542502137
8084,10.7775094723934
8085,14.2688468903652
8086,0.990426565864883
8087,9.79154626416855
8088,12.0408821522746
8089,1.57360357618593
8090,2.73820103378175
8091,1.29021202211211
8092,4.78738141295237
8093,5.91114067273171
8094,6.44729949554369
8095,19.3764461362682
8096,6.38320582301214
8097,4.30690080721076
8098,8.40984642794709
8099,9.66140153519655
8100,6.56908240643227
8101,0.874698312451676
8102,4.85502902829696
8103,2.13088059665431
8104,7.92143044343488
8105,3.52192817325994
8106,4.3701307201865
8107,2.62244214379126
8108,1.77490695255873
8109,3.74868826486849
8110,2.87904567387297
8111,12.2811327975287
8112,3.27451709214013
8113,14.9552610373097
8114,8.24351078248698
8115,6.671705046028
8116,4.26190366000952
8117,2.37121891821183
8118,7.89775361583055
8119,4.03130148393774
8120,14.3853225736721
8121,6.95585542038536
8122,4.467588612436
8123,3.90161543475071
8124,14.8507635558783
8125,5.26570095762508
8126,4.66351444686384
8127,14.0060115086677
8128,3.64316994959339
8129,3.61141337604426
8130,13.9937964533207
8131,0.771456902078256
8132,17.6183028348553
8133,6.11418895790701
8134,0.043322132569223
8135,4.00827470343574
8136,17.3559613398809
8137,20.3702723266761
8138,3.70427623974286
8139,0.249761984884657
8140,0.486823449420342
8141,1.1860770177467
8142,2.11466881132752
8143,0.827121544849124
8144,4.22529482332381
8145,8.19267594547392
8146,7.99018675312421
8147,11.4755327316542
8148,5.7011056238639
8149,6.88090296514466
8150,13.4453791909515
8151,1.5647481541252
8152,9.45469363249495
8153,5.81740962684354
8154,5.62507512276918
8155,22.2396550332528
8156,6.70315926082959
8157,10.230562251327
8158,10.8659987411954
8159,3.64037798592789
8160,15.4465810290618
8161,5.03259227167114
8162,2.97390287929772
8163,3.73965883178266
8164,4.26568219997396
8165,2.16651036311345
8166,3.69375755049289
8167,25.2221632400412
8168,7.91261848419298
8169,4.03873630974145
8170,3.72609234440123
8171,16.7433907022751
8172,0.495416008669359
8173,7.00976774339661
8174,2.36467361935062
8175,4.11253835655756
8176,16.5827213862842
8177,9.5610049291922
8178,10.9967988771732
8179,5.78726021262598
8180,12.226667122144
8181,2.6963890048783
8182,2.44899265574573
8183,7.93828536848078
8184,7.7206988516485
8185,4.93293397669589
8186,23.1226774737549
8187,3.03476011266425
8188,11.7166335856445
8189,4.85703029818314
8190,2.23749398074562
8191,35.0759453859972
8192,4.30144371620691
8193,10.8499425223693
8194,6.68204570314524
8195,8.94018542355956
8196,5.77480487027791
8197,1.1201668341984
8198,-0.0214044049278446
8199,11.7998591221348
8200,7.854341806311
8201,6.37228453043047
8202,7.95610322907924
8203,2.72877889778156
8204,11.8116251835087
8205,2.38098758718963
8206,4.00586729454594
8207,3.36139891964307
8208,1.92576980614004
8209,3.5375641276332
8210,2.54925382392635
8211,8.51599333191144
8212,13.1345909849871
8213,18.3828261058558
8214,16.1183929952817
8215,5.36975583076586
8216,6.19670586431511
8217,5.2440437090841
8218,2.50624860994073
8219,10.704977693685
8220,13.8794210284739
8221,6.71756895286886
8222,4.94002365773282
8223,4.10373702906341
8224,6.17424028736754
8225,3.84464849013879
8226,1.86992644135365
8227,10.6196282405981
8228,9.03752562364076
8229,12.408855379877
8230,4.66335344643982
8231,3.39487826379645
8232,15.792451041734
8233,10.8366830840402
8234,9.37719582499004
8235,8.38795472766698
8236,4.21253873228398
8237,0.877799924182047
8238,5.79801695247481
8239,7.14616237801854
8240,2.41462483135624
8241,2.33856592799879
8242,8.96122580803061
8243,7.35927834145046
8244,3.71683489664799
8245,2.03861181204702
8246,10.3532308022768
8247,3.19419068878773
8248,22.7438869555295
8249,4.77537732308567
8250,8.42466797911217
8251,6.33605733755055
8252,-1.04168558547196
8253,4.13393554841177
8254,11.2474302382014
8255,3.71196841841848
8256,7.51352305668377
8257,6.45963273115362
8258,6.69654356277739
8259,16.8182119879897
8260,11.6906334975824
8261,17.3140635324721
8262,15.602351820355
8263,9.89378635420205
8264,9.02053461162063
8265,7.59952873222393
8266,3.85471168357983
8267,8.47599171967155
8268,1.55523387284752
8269,3.46882071924398
8270,4.02965954312939
8271,12.8970441275965
8272,10.071800531101
8273,8.52516993509676
8274,2.87720435887996
8275,1.86397519515055
8276,6.46602879709648
8277,6.52353053357204
8278,2.28196696712109
8279,7.50341749836857
8280,3.56276707020115
8281,5.49310647844346
8282,3.47433909465074
8283,6.71381213237835
8284,5.08499291658204
8285,11.2334412005019
8286,15.4366839270062
8287,7.7495724938016
8288,37.8506697970948
8289,0.309044085449754
8290,7.82293717651028
8291,6.60121325969815
8292,2.52814909842809
8293,4.50425078467303
8294,7.34204344902358
8295,4.10366711903372
8296,11.3154716432443
8297,7.64415006142349
8298,8.02109425307254
8299,4.87192834645483
8300,6.5767084563193
8301,3.38606645890829
8302,4.72909134297485
8303,11.1632084736671
8304,13.2917720753734
8305,3.82826610207281
8306,5.13452858868538
8307,1.3185433245053
8308,2.66208353768524
8309,9.26486005094006
8310,3.10754484067015
8311,3.60240060383435
8312,3.72999975433773
8313,10.090913645091
8314,16.0495066802903
8315,5.69956710159466
8316,7.48491943017018
8317,5.26247673031413
8318,2.30609606872526
8319,7.32985129534713
8320,4.46818138632874
8321,12.8916632373116
8322,7.07833192787292
8323,0.536823719913807
8324,5.25901074533836
8325,9.96692274603788
8326,10.501439618384
8327,9.09274683084488
8328,3.88974612329158
8329,1.72380405401289
8330,2.33856376030716
8331,6.96276642656772
8332,4.00140151575741
8333,3.43829226130351
8334,5.26756227934148
8335,5.39191741910306
8336,8.43685749329581
8337,3.50817767849799
8338,0.110775614974223
8339,4.05236146077691
8340,18.4614556779844
8341,12.5096891428397
8342,3.26345084512296
8343,6.31413899123853
8344,3.81198908769967
8345,7.90466502927869
8346,6.44082973085076
8347,9.38362425204886
8348,2.20225427874489
8349,2.95929371591035
8350,7.77638640489532
8351,7.13351331992882
8352,4.50904341704889
8353,8.37076074208976
8354,6.47961992819772
8355,4.743230131718
8356,7.86766869446468
8357,1.62312643883652
8358,2.95075050794774
8359,1.0801384091344
8360,1.8688915733998
8361,3.27217910399744
8362,13.5789635907691
8363,9.74484932664218
8364,8.20007374112199
8365,29.3383430281504
8366,1.41630182924684
8367,7.66998986891427
8368,3.22325179315881
8369,9.45188612108659
8370,9.20823832651769
8371,1.69607524766545
8372,6.30737879918847
8373,-0.398011163268411
8374,3.45661147477181
8375,7.93144645255421
8376,11.8964394154794
8377,18.6337487107997
8378,10.3308733480271
8379,5.20710605989188
8380,2.69891254683424
8381,9.3700025890513
8382,2.14122030036681
8383,2.80927773642541
8384,5.32251965261349
8385,3.12783721872495
8386,19.9146930014834
8387,8.28336693260273
8388,1.69693429596616
8389,3.19307853955653
8390,7.99811561303124
8391,17.8178954951857
8392,13.0347788909409
8393,9.2874681877823
8394,4.12767699506406
8395,5.38228950539174
8396,1.87743191355496
8397,10.0526712574842
8398,8.84373057626407
8399,4.98513790141666
8400,7.86000318760534
8401,3.80583806264444
8402,11.2962286815634
8403,0.729645709674521
8404,4.9145083687376
8405,5.88665438828002
8406,1.68532105698851
8407,1.33408548528081
8408,2.68273862035463
8409,10.8242109181927
8410,11.7040086980217
8411,4.88134498080845
8412,3.72211755197417
8413,-0.5806687950352
8414,8.62153782986113
8415,15.5266057545184
8416,6.04504283300538
8417,29.1686923681046
8418,3.36309777236754
8419,6.14287645293364
8420,3.09044245609572
8421,6.05521712472446
8422,8.44084641766599
8423,13.9087795240335
8424,7.92352135747678
8425,7.23782904806309
8426,6.56557107739825
8427,5.94183137829615
8428,2.93354466478256
8429,7.27397603681805
8430,8.0206185922834
8431,3.92371939098602
8432,1.51066520983948
8433,0.920108934779874
8434,3.71811638675503
8435,6.92560122087698
8436,3.06295228933003
8437,27.5888567331795
8438,4.5439294083887
8439,2.81070155601336
8440,3.8898950795968
8441,1.50949078204203
8442,2.91932014029277
8443,9.60580995904915
8444,16.3245343697943
8445,1.77098277168597
8446,3.22343361096337
8447,2.61661138331851
8448,4.00550554310652
8449,12.180066318043
8450,22.564601300212
8451,4.40247634835768
8452,11.5644945060836
8453,2.35810704715473
8454,0.602125864499454
8455,2.59902906781447
8456,6.7617021887476
8457,15.591064810872
8458,6.58638434023633
8459,6.82957402937312
8460,5.21240209353335
8461,4.57104632913919
8462,16.3799005493722
8463,4.72186620490943
8464,2.02400673087607
8465,2.59741048775034
8466,5.25389444687129
8467,11.6938339855528
8468,3.36677843818163
8469,2.46983272007089
8470,3.92488303455702
8471,1.28119740980865
8472,8.82085473035986
8473,3.83600767484342
8474,11.7141297201186
8475,3.76083513333047
8476,2.8301350572579
8477,8.35321028705891
8478,3.97022132344073
8479,10.6013417841457
8480,3.67568522044796
8481,3.83234534508271
8482,3.20728490083532
8483,2.47508439126829
8484,5.15561069174693
8485,6.65812468347349
8486,2.09076641509792
8487,3.46198407711927
8488,4.0858512898505
8489,6.94811353087723
8490,13.3825487331335
8491,3.29169399695133
8492,21.8336910404141
8493,13.0185129843394
8494,11.9901260716418
8495,7.35778217516549
8496,6.56195100639491
8497,9.80758145289741
8498,4.55843823432308
8499,1.37139590749409
8500,4.87119510551053
8501,6.3944577464244
8502,17.8604295528273
8503,9.5795414572039
8504,6.60695139080803
8505,12.3124379377689
8506,14.0700647171595
8507,13.1905981798104
8508,3.79201402704177
8509,3.78093177163913
8510,7.06561650886425
8511,14.4759288283744
8512,9.66471898977012
8513,8.20442723043758
8514,3.86898501804925
8515,1.86901446561771
8516,14.2862444056369
8517,7.25286097053869
8518,2.57278663449007
8519,2.2264738628441
8520,3.9394525322372
8521,6.75471040401494
8522,14.834221195839
8523,10.0312461477467
8524,2.18971769858561
8525,4.41480397858882
8526,2.96256915154338
8527,2.9257750434488
8528,5.82444703100414
8529,1.60851364242661
8530,4.13559324431531
8531,6.78541848039684
8532,3.18769564310836
8533,7.2336376168783
8534,9.50314302719731
8535,26.8371339714865
8536,5.06917477659411
8537,4.29231781485922
8538,1.64102061423621
8539,6.0195174688625
8540,5.80122321226731
8541,7.06707697620842
8542,8.67299388227493
8543,7.81106562274
8544,6.28007350264942
8545,5.82216796221024
8546,6.6740711600167
8547,2.50208176331756
8548,5.00129064822089
8549,12.2398092251774
8550,1.31561721361558
8551,3.41627792858968
8552,12.0237740127678
8553,3.27044312615228
8554,11.2434100138351
8555,2.35687885404815
8556,2.85813204244278
8557,11.2522264386825
8558,1.39450569432114
8559,5.60210265296551
8560,6.91350923506638
8561,6.32168334297309
8562,3.41126897936864
8563,2.67714071028826
8564,-0.58465633297118
8565,1.68230699456144
8566,6.15494962707005
8567,2.48793167363932
8568,5.72161036777167
8569,3.11598085929707
8570,37.8542007139971
8571,6.08967098155157
8572,8.00383421688194
8573,10.4891323115026
8574,5.55324797093026
8575,9.11539723645473
8576,6.36539832019209
8577,4.63836971145189
8578,12.2672511134187
8579,7.26815156452641
8580,4.11290888948733
8581,2.40851549661994
8582,16.4980338973716
8583,10.5929616930269
8584,5.02413202116161
8585,15.9622961878633
8586,5.97838760796812
8587,8.93551131393381
8588,6.81286504244155
8589,4.6568817390829
8590,1.47356094066304
8591,7.24276333531082
8592,7.33085497662565
8593,6.0939091414422
8594,18.5680535623415
8595,4.29516987847215
8596,6.14037491898167
8597,2.85304321814439
8598,2.89390709764899
8599,5.02449641868538
8600,9.79360486463915
8601,3.23644832681922
8602,18.5063582919368
8603,8.9407404408624
8604,-2.24257907746552
8605,7.28262064015899
8606,1.55789969840835
8607,30.90591410623
8608,5.57374114968302
8609,7.2701823838756
8610,1.85832244957904
8611,2.14259527318099
8612,5.25052882537334
8613,3.87064335986345
8614,17.7023659900334
8615,3.36472478847433
8616,4.8795975380537
8617,1.99624833023131
8618,2.58159708212328
8619,3.88007990667717
8620,4.17252129213895
8621,6.56296485614925
8622,4.64738636658214
8623,5.02909881329459
8624,6.35233962436021
8625,3.28407510943038
8626,12.5623308950304
8627,2.41970753013094
8628,3.58007614549245
8629,7.01457972537293
8630,4.82189136435621
8631,7.97880225288751
8632,9.76620685558968
8633,9.19974364730483
8634,0.415252561330567
8635,2.89313935027227
8636,4.91499202983304
8637,2.8214366348525
8638,9.50652443415757
8639,12.0057203448752
8640,4.06151492499028
8641,2.18650621524619
8642,6.54553588488062
8643,7.25754865592263
8644,4.21932712081731
8645,19.4820528068251
8646,9.40059897558344
8647,3.91698008846726
8648,11.1318786201092
8649,14.9644451202659
8650,12.4256825258377
8651,1.48381945014668
8652,1.63883037114891
8653,2.07031666351225
8654,6.9636331449547
8655,3.67251112069478
8656,3.65058302735013
8657,8.7995781794384
8658,2.88575858312275
8659,0.900301555382249
8660,6.21739203792567
8661,4.69272568538455
8662,2.37677639519333
8663,5.14612342946803
8664,5.27026017856323
8665,5.15175863824209
8666,6.98085194246938
8667,4.83876001886065
8668,9.26589710332045
8669,9.41475241574141
8670,11.1778053874084
8671,8.36215110858993
8672,29.1632410011341
8673,8.67387453098677
8674,17.9719263255773
8675,2.87478279254916
8676,4.48476233899815
8677,10.3479338170392
8678,5.99618933051279
8679,7.00840358200613
8680,9.75207803522104
8681,3.68758904421654
8682,1.09876867911488
8683,3.62528559156302
8684,4.72029299453526
8685,7.65465119881978
8686,8.86967752977389
8687,7.16309402684172
8688,16.339070506613
8689,2.57697920125422
8690,3.2588006331605
8691,20.217583537347
8692,6.08968758610596
8693,6.37946685930006
8694,0.59412580693189
8695,10.6900331643651
8696,15.941179747626
8697,6.35729720306351
8698,5.26041315271723
8699,4.77667737434676
8700,4.05123900850939
8701,0.812777024031804
8702,5.97489663006144
8703,9.07558879069643
8704,5.36934090792002
8705,7.14173963751006
8706,13.7651109972903
8707,4.94219690090737
8708,10.2874157714064
8709,10.7052736734807
8710,-0.698256596309015
8711,13.804139993985
8712,5.78830232443128
8713,5.08679144979754
8714,2.72533085638036
8715,4.93801035100206
8716,6.64798765858267
8717,2.10081680405095
8718,10.5414268721149
8719,4.21300508054983
8720,18.5352696608384
8721,4.22477297924468
8722,5.34746273129547
8723,7.84679831639741
8724,8.10349154551289
8725,7.69863852631243
8726,2.08733495892087
8727,12.1558942803769
8728,2.37935523246398
8729,15.7393306714064
8730,9.77195362152823
8731,16.3833265082104
8732,5.467966686768
8733,1.69898301648024
8734,13.6367855420408
8735,3.1064832736659
8736,4.00351048577872
8737,15.2659328614878
8738,15.2020461910966
8739,3.16381349531627
8740,7.70593862282627
8741,4.7234323346528
8742,6.10223543914353
8743,16.0954551133542
8744,16.4169473658345
8745,2.25373912492161
8746,7.10225732892499
8747,8.3419967789159
8748,3.50814673919161
8749,15.0313501611667
8750,7.92051366452592
8751,17.9279862421779
8752,4.19586941421365
8753,5.38806313153817
8754,3.12012495209471
8755,7.93999427674332
8756,10.0468804094419
8757,7.96964863928425
8758,5.99284197086519
8759,0.754317808399236
8760,4.27760093789521
8761,4.43547792764059
8762,1.15913836394197
8763,7.05438439524028
8764,2.7378395608512
8765,4.18166506352988
8766,11.6492831192152
8767,3.82698324104271
8768,13.4077804744694
8769,22.1952498557287
8770,-0.0366216235725112
8771,-0.215295173022385
8772,5.36892166123345
8773,17.4503202332324
8774,2.87456108971241
8775,7.48655281742841
8776,6.18539717979153
8777,19.5952481267392
8778,11.1574809302526
8779,15.6375663353708
8780,6.98057618609338
8781,6.53508352735535
8782,3.45218515363828
8783,15.8760387806988
8784,2.51908392106843
8785,2.69267826438554
8786,8.37546115258327
8787,2.59541434896654
8788,7.3943221680878
8789,18.7474115834856
8790,0.90891176302894
8791,7.11501520098318
8792,18.6097662122325
8793,6.37694453526095
8794,3.2931866201793
8795,5.4071915068981
8796,2.44759839159617
8797,4.78867958531135
8798,0.925743721101782
8799,5.18466499368802
8800,10.3995041133266
8801,3.49969441539991
8802,1.86393936762374
8803,1.36793456790163
8804,10.2181582113789
8805,6.07761610493377
8806,8.13188561881859
8807,6.8627926366076
8808,17.645068925955
8809,5.67384587173272
8810,4.79942709533592
8811,9.63911917160254
8812,0.686077700558483
8813,3.12109524449392
8814,5.31475841541896
8815,12.452515952906
8816,1.11923437803258
8817,4.17087996563083
8818,6.01668687639668
8819,9.62329420958877
8820,5.9654052054913
8821,6.26420398705276
8822,6.9330027607968
8823,3.72179561735054
8824,7.71932584100109
8825,4.48436009304443
8826,9.38993962507793
8827,6.29902256955839
8828,7.25787271873472
8829,7.01577244136256
8830,1.31250013869677
8831,7.41758377091922
8832,11.3627835957367
8833,4.1080353465533
8834,5.0169502782862
8835,6.76364968209705
8836,4.21075859584786
8837,5.13054414771311
8838,11.146558669494
8839,5.12946306183837
8840,5.00421270668194
8841,11.291246345831
8842,9.24849235210175
8843,3.99548208104229
8844,24.6307124581538
8845,5.62487008431392
8846,5.5266689345413
8847,0.598636247678451
8848,24.8126024442223
8849,3.60597839729225
8850,2.9218636513893
8851,3.17540120661368
8852,19.9989924473138
8853,4.63128111796851
8854,15.1517163336933
8855,8.70621464665115
8856,7.58649659882164
8857,12.8353282236889
8858,12.2597471411352
8859,1.84797698886671
8860,13.1104003250474
8861,1.67243548071974
8862,4.17233098459998
8863,11.2678664117736
8864,5.41461606903938
8865,0.876847818393419
8866,6.9669799469554
8867,2.32092062049211
8868,3.22729220949074
8869,2.48988841264318
8870,13.3979728306159
8871,3.29622215719169
8872,2.9478755333243
8873,1.95080612896413
8874,4.10211528706459
8875,2.72097648827719
8876,3.25200547810512
8877,7.65132801811821
8878,4.57649644482068
8879,16.0738422557679
8880,3.33055721788408
8881,1.53101086708694
8882,9.24452114627415
8883,3.77864482667323
8884,1.59809904454089
8885,10.91499293934
8886,4.83064832652337
8887,3.40530837950268
8888,11.6605412478564
8889,1.8285226816414
8890,4.99018081190499
8891,8.29946457248313
8892,6.20432573443434
8893,8.25249751934231
8894,12.4321069127077
8895,-1.30559374701785
8896,9.93599052837915
8897,5.04622546948656
8898,6.73261850097477
8899,5.80882797736575
8900,9.80422859416448
8901,8.55862320649178
8902,4.89877647056451
8903,12.2242286756629
8904,8.04436192697894
8905,4.90269064626368
8906,19.4711939112603
8907,3.70084644795339
8908,4.62625894181128
8909,10.0869478587821
8910,9.1455949946546
8911,17.7806959091309
8912,3.29017469794827
8913,5.58111231271253
8914,8.592200593842
8915,2.83447461918368
8916,4.80898538610857
8917,2.81486119366192
8918,3.54283845768981
8919,10.3534015543969
8920,21.1834185107427
8921,0.373773905203825
8922,14.1119293277725
8923,1.04211868872674
8924,6.63164674958928
8925,4.97230363987815
8926,9.28179638181965
8927,4.82324012778102
8928,3.978303276636
8929,7.6889898937477
8930,6.23641604119488
8931,8.353605311281
8932,7.91878758605944
8933,2.6610532800291
8934,14.169788931689
8935,3.22484221613278
8936,2.90166102388823
8937,2.89280445537445
8938,2.35272675475605
8939,7.34145329363132
8940,17.2275196213783
8941,9.06199119718821
8942,14.4585067906246
8943,4.41384567549793
8944,2.33680770489261
8945,4.03041601954056
8946,3.75332960358061
8947,9.25122397614634
8948,4.84621504961791
8949,3.61782667287896
8950,8.71334323837061
8951,2.56420006047873
8952,2.83496596113512
8953,3.39152943001753
8954,2.11676749853405
8955,7.18109779462415
8956,11.037286412828
8957,6.47142265448969
8958,11.661799887646
8959,6.03628140441728
8960,17.3591791143999
8961,28.3589547609468
8962,6.92431443277737
8963,2.95526803909064
8964,10.5003175599179
8965,10.890648381573
8966,2.46516486407896
8967,0.820012139811209
8968,4.81364864087391
8969,3.13861082881062
8970,7.61898131328903
8971,13.4998984305555
8972,4.41281884904113
8973,6.34572996933676
8974,0.667512340653242
8975,10.5709567453064
8976,3.38612562210845
8977,6.63741591685461
8978,2.44308928957239
8979,16.6674921722198
8980,2.81375420658813
8981,1.68982745211254
8982,6.78124206422623
8983,16.6706814509813
8984,5.02624677956502
8985,5.44678654251813
8986,2.03637629341183
8987,11.0662040927215
8988,8.34702894606222
8989,5.16846869531159
8990,26.750377214679
8991,7.058048677939
8992,8.85489082172603
8993,4.87190293379328
8994,3.61306604046155
8995,3.98149086661345
8996,18.4809841574178
8997,10.941095297144
8998,4.58895867624729
8999,1.41056063114852
9000,7.93828316492904
9001,2.031149998104
9002,6.32283574696075
9003,3.59791348650264
9004,4.77983962795496
9005,-0.0363160933501945
9006,13.3624626067198
9007,2.07651157026406
9008,15.1069360691245
9009,19.9394554039552
9010,15.9338008230818
9011,10.5520174473958
9012,4.50874507820886
9013,3.97020683814449
9014,4.90016778143513
9015,5.80643896005771
9016,4.89785942667101
9017,3.69895243270783
9018,3.40420022849369
9019,4.701449464905
9020,9.8671062179916
9021,2.66029798873439
9022,8.55898480747227
9023,7.28371217053527
9024,0.286060549639718
9025,3.84766241609175
9026,5.21487964289659
9027,6.90817873808973
9028,2.47953645664362
9029,4.30838816374176
9030,4.28082575275959
9031,12.4912873728895
9032,6.23670381006026
9033,13.7764657191277
9034,1.71030244895393
9035,4.26253022885444
9036,5.21228456273916
9037,5.49940107818994
9038,0.820913787156612
9039,4.04930225426994
9040,9.72676845106046
9041,22.8617009357448
9042,7.05174888857855
9043,14.167012848593
9044,3.84501262189383
9045,10.9114998483403
9046,8.78384106911848
9047,6.88947214440752
9048,0.44134084287507
9049,3.43115297424171
9050,4.73881381315518
9051,5.98598686728904
9052,4.48751906883276
9053,2.33982218818185
9054,23.1986516167286
9055,13.0996565665146
9056,2.90934323934735
9057,4.39176389159765
9058,2.86985382828801
9059,5.21080767854892
9060,10.3105610315809
9061,13.8024554627408
9062,5.28025582511627
9063,8.22725085636171
9064,2.9750499043679
9065,8.92239823055204
9066,7.57030151703418
9067,7.64912038165942
9068,6.42983555690944
9069,2.36054185252272
9070,5.06710859139924
9071,3.18193316668263
9072,11.6193522564753
9073,1.02889494366999
9074,7.32375223376413
9075,4.11448782821274
9076,4.26959090942514
9077,-0.213477859930572
9078,12.0164880071439
9079,4.06032973594941
9080,4.04476657923469
9081,1.66309388187681
9082,20.8120869330003
9083,7.21171628653364
9084,8.32522409267662
9085,6.32049564418828
9086,12.7756987481374
9087,0.64639305999988
9088,12.6494157542529
9089,9.00028239935951
9090,21.5254351611984
9091,5.02519995666653
9092,8.98292461501142
9093,8.53856909802941
9094,2.40998853886676
9095,6.43768290730447
9096,8.71682548165069
9097,8.06776607756031
9098,4.39143030658643
9099,6.45579330446738
9100,7.85471688638095
9101,8.3297849358983
9102,7.10510036985803
9103,4.02278678000363
9104,18.0897180713462
9105,4.9794920185267
9106,13.6870747717562
9107,6.25007138508438
9108,9.9509269292465
9109,9.75800295923592
9110,5.98747220005678
9111,12.13929290152
9112,16.3897906401732
9113,6.42712650798899
9114,7.40912200996148
9115,4.59173189454962
9116,4.20901001957526
9117,4.26072700349017
9118,5.6876359905892
9119,4.53366670957149
9120,5.94862170155883
9121,13.6047261522913
9122,21.6062109043864
9123,2.43167003406834
9124,2.4084769088893
9125,3.50805078279575
9126,9.47892051839496
9127,4.53668839742351
9128,7.8368280013087
9129,6.82011948399327
9130,4.85105626861295
9131,5.35409163165233
9132,5.93730105874824
9133,7.44182592120448
9134,4.30223849029104
9135,2.19987711482829
9136,9.6133594879331
9137,2.6731179895304
9138,22.3557096840547
9139,3.34097379975453
9140,9.70975710445226
9141,6.17401972849616
9142,5.76467521603199
9143,3.92684172430064
9144,2.25698599397151
9145,8.56875261019045
9146,9.22051003665249
9147,5.42029152523778
9148,0.964606526529908
9149,7.09935441735482
9150,-0.413391196278964
9151,10.8080449421667
9152,9.32699376390029
9153,1.81468680920606
9154,1.82098241332823
9155,13.1243454279355
9156,6.7568055634259
9157,2.16620052135721
9158,5.38603616436578
9159,7.86253188045681
9160,3.68657935713882
9161,8.51175344144471
9162,12.2845526129777
9163,2.84403964623115
9164,3.210735159916
9165,6.97456212254366
9166,1.88050822917752
9167,4.27792487460608
9168,5.32056845839944
9169,4.72657791079204
9170,9.50031739364244
9171,13.5515327087725
9172,2.70313142868363
9173,5.09107452794122
9174,6.86741731728079
9175,16.8784081314367
9176,10.8278036271707
9177,-0.0406328997783074
9178,4.59090246833976
9179,2.05245643804604
9180,3.05237368949066
9181,1.65434994103417
9182,12.2533204380103
9183,13.2071496012912
9184,9.91783003174788
9185,3.58890452098209
9186,3.61495583212258
9187,8.45183378295481
9188,5.54714902427621
9189,2.46614008122471
9190,13.4276538924189
9191,7.39965318619742
9192,4.02665964470116
9193,6.5838391265613
9194,8.67069035977863
9195,8.91186606223518
9196,7.14671418022078
9197,8.9616440992721
9198,5.46421916839741
9199,5.03038731137929
9200,2.19193449721522
9201,11.6881492084248
9202,21.0469929626882
9203,10.3480733419389
9204,6.18325828570969
9205,3.08297789919288
9206,8.37095944049238
9207,8.4672129806092
9208,29.0040177992435
9209,3.10287295497524
9210,14.7061231170499
9211,5.41415514717877
9212,16.0004044543118
9213,1.30062148630299
9214,3.30214380917788
9215,4.00998563407123
9216,3.31263513793504
9217,8.35839982768056
9218,6.12732690146939
9219,3.46868859879111
9220,24.8041198462776
9221,11.0975708677727
9222,4.31675694372504
9223,7.11863744359479
9224,11.6457776354508
9225,8.8869418290212
9226,3.07514952360381
9227,24.4596016140744
9228,3.2482202813674
9229,3.02769731437682
9230,6.49478528935028
9231,-0.0179561461682791
9232,4.34181579416331
9233,4.51491706865924
9234,1.69924690538867
9235,10.0464213947008
9236,5.150258503873
9237,7.18285491309334
9238,-0.834457448625518
9239,0.726431588495434
9240,11.4998229841944
9241,2.19032007942101
9242,12.2668032485058
9243,5.88341773808946
9244,4.22944058962337
9245,4.41497201766046
9246,6.89546013511439
9247,8.17565644748814
9248,12.5370628121056
9249,4.04726446481581
9250,7.46863489434646
9251,7.60269258044595
9252,4.7840995719824
9253,12.6447899733357
9254,5.58342003145777
9255,18.7371919618365
9256,0.337423179327059
9257,11.3186705661844
9258,0.358825911779073
9259,12.2450796848418
9260,4.09009629337984
9261,7.30822050319543
9262,12.1533043438334
9263,3.24630280254759
9264,3.53413985467063
9265,21.3159719529272
9266,3.25215153287809
9267,1.72794102011507
9268,24.8453790642018
9269,11.2272219000021
9270,3.96383728421955
9271,3.84803480428724
9272,7.94210523276751
9273,4.53488437105191
9274,8.68781043261165
9275,5.27305029896216
9276,1.47972797728639
9277,2.17036442018275
9278,4.42893989364755
9279,2.84718916594778
9280,8.92938997712827
9281,3.44416696937787
9282,8.47480563158884
9283,4.05418500474653
9284,6.77918143517717
9285,12.1818743065513
9286,4.02025025982927
9287,4.4148377910507
9288,13.1346477569642
9289,20.2260320498579
9290,9.41163020059582
9291,0.152288528765641
9292,4.14251285186309
9293,8.08576131672469
9294,4.5705051871475
9295,4.42517105970626
9296,7.14279513498575
9297,1.83266594733008
9298,6.66128128413249
9299,9.31150143927222
9300,13.9110310029627
9301,14.2697779650035
9302,-1.16939675737066
9303,9.39736010237245
9304,12.5577624483511
9305,3.63480325333914
9306,1.6283405760153
9307,4.62897805897618
9308,4.98254172306472
9309,3.43985490377279
9310,8.45973786925426
9311,2.85742099159829
9312,8.21034209194025
9313,10.9269002723537
9314,6.3508939565858
9315,9.31764844519392
9316,15.5581892428235
9317,3.94584080277754
9318,2.29578913498912
9319,6.4269197591443
9320,11.6719112883026
9321,6.27935872453424
9322,3.86491918023331
9323,19.9380443624942
9324,4.88673459994861
9325,6.11896168061966
9326,0.678928226469385
9327,1.35080639607123
9328,3.94878630737281
9329,5.10305298944712
9330,2.36174914976158
9331,8.93061668167341
9332,10.4352821504156
9333,3.79878530593122
9334,18.712838710264
9335,8.62865164832152
9336,13.9188555740444
9337,8.92741157674674
9338,2.99524313190151
9339,3.42536169035913
9340,5.17472928210741
9341,1.88058884379666
9342,7.32195114001765
9343,3.82415560202442
9344,0.958408172962209
9345,8.3497717392246
9346,2.00877952527333
9347,2.36599052907228
9348,4.28073913798378
9349,4.57927166702369
9350,4.72510615199158
9351,7.70850264264795
9352,11.6074992085646
9353,6.43846986809024
9354,6.44248790879179
9355,15.3500730134414
9356,7.09369745239691
9357,15.2383817938774
9358,0.748561411648161
9359,3.39213091890452
9360,2.43691500234632
9361,5.71118913213362
9362,5.57451934832738
9363,23.3275364487712
9364,9.81557714552414
9365,4.63417752532863
9366,17.6503982566562
9367,-0.00680173168355225
9368,11.6361354661134
9369,5.40816590147509
9370,9.83231245454125
9371,10.6226503696876
9372,1.61705690035546
9373,1.6318037041124
9374,3.92015471357991
9375,5.81718082052642
9376,6.11977865084044
9377,10.5481399479059
9378,13.2504022084076
9379,11.2113897607846
9380,4.44249999726202
9381,4.81200451098462
9382,4.87995692934863
9383,2.42664814734019
9384,15.390934149133
9385,3.17567023149122
9386,4.58047724730254
9387,7.67725681268213
9388,6.78324504252541
9389,8.34547845027604
9390,4.26079875861375
9391,8.7158910019752
9392,3.92752229072598
9393,2.84593017992438
9394,2.86954983306478
9395,-0.11228358845031
9396,20.2359840656412
9397,15.6583883802832
9398,2.77779547881362
9399,26.3207161438246
9400,9.54720388072931
9401,2.04125310698919
9402,9.32346342347356
9403,14.492751162076
9404,7.45183712321567
9405,1.29671540216296
9406,2.13458330744183
9407,4.0377012617733
9408,6.52906671839572
9409,8.27246210604622
9410,11.8001210386222
9411,15.5715009633136
9412,4.940619656799
9413,0.86961683857018
9414,8.50362453263376
9415,4.28359761351884
9416,20.4482308546926
9417,4.70154719794856
9418,17.9249039526253
9419,9.9114195310926
9420,37.6342006811318
9421,18.8628497634523
9422,5.00228992953209
9423,5.65954276441593
9424,1.03046436520242
9425,1.04170435309192
9426,6.88812636753191
9427,2.03053076391206
9428,16.5431758573137
9429,4.98210716288443
9430,9.62035015105364
9431,7.3083644427374
9432,3.70856802834845
9433,9.72894389137581
9434,4.50781800082373
9435,0.557306649858097
9436,10.4099397669844
9437,7.10722868564955
9438,12.9584350939627
9439,7.63875185400573
9440,11.0683172519159
9441,1.1671883422525
9442,7.55813674767971
9443,14.3454392159261
9444,1.04563648969872
9445,5.60404545971386
9446,0.402007308249166
9447,6.72800184689134
9448,7.99465597712414
9449,7.40846098080515
9450,4.98112919927105
9451,0.165362750181613
9452,28.9067272897713
9453,5.028349096797
9454,13.5020053999724
9455,7.20850664385713
9456,2.609651400072
9457,11.3459625840386
9458,2.5383714617042
9459,11.7166872509844
9460,2.89291845706511
9461,4.7140187233912
9462,5.15781546578365
9463,13.2929127967586
9464,8.21403929609991
9465,6.5863353699047
9466,14.1095434161099
9467,2.25143204400649
9468,9.90605709686954
9469,0.281794915106628
9470,3.06809688542026
9471,4.7818527647135
9472,10.6715686688333
9473,3.23537678355614
9474,20.0830683489107
9475,9.58710073457093
9476,1.18010002027831
9477,12.5694326055484
9478,7.37885042514021
9479,6.78191548783102
9480,11.1512836210861
9481,7.92827432966231
9482,5.72644680577612
9483,4.27536957517087
9484,1.07260996048454
9485,9.28376909682632
9486,7.54265692778255
9487,0.708811050851684
9488,1.88476515563689
9489,8.66384022241618
9490,4.61650330770873
9491,10.3960022630531
9492,8.59712882879974
9493,7.69084341251426
9494,5.597963381613
9495,6.46978162663269
9496,3.02258373114822
9497,6.34150386528557
9498,1.91526011316003
9499,1.95999449064365
9500,3.35537812401492
9501,10.325122137764
9502,3.59618305145751
9503,7.52393973813705
9504,8.24306441479413
9505,9.44196242822345
9506,6.99972164415054
9507,3.7301682542279
9508,18.2482242948582
9509,19.9275636668812
9510,0.442798468533915
9511,4.73776746774118
9512,7.58426210884065
9513,4.58603186945728
9514,4.36357080147553
9515,16.9721494372192
9516,9.07796964341516
9517,3.2915952771558
9518,2.91758415670453
9519,2.95146196193104
9520,1.66271647282857
9521,8.17124323723376
9522,4.85466212314962
9523,6.29157826473247
9524,4.46364922106817
9525,6.30478740223883
9526,8.7194229556929
9527,3.37880120225978
9528,4.93351609960007
9529,8.34733654505794
9530,3.68882913836195
9531,6.18259893847268
9532,1.67709797813228
9533,5.28586147421352
9534,3.69401788075663
9535,2.85678239436318
9536,6.77934358428381
9537,13.975341131129
9538,3.85363910151587
9539,11.0410316093558
9540,3.20122031346091
9541,11.3664723759845
9542,13.9936782420258
9543,3.95696819171619
9544,6.55353329567307
9545,6.12752896693699
9546,1.79744905895994
9547,4.41780355986867
9548,3.77379254769348
9549,4.66775599626257
9550,5.39410473653965
9551,3.25503871576713
9552,0.620229053696926
9553,13.7384164550638
9554,3.54650700836904
9555,14.0682437847986
9556,8.15545294705592
9557,4.16502688290889
9558,7.15223183127478
9559,16.556311627094
9560,8.19913477826139
9561,4.71848642070811
9562,21.7606248215113
9563,1.81581251634942
9564,4.86568311054827
9565,6.52530797319437
9566,13.2384334964904
9567,3.00617031950077
9568,9.80165609394711
9569,2.61822429169607
9570,4.11039748834786
9571,5.8063438719521
9572,2.555832916775
9573,11.6798457070936
9574,6.01327719603378
9575,8.16321925826815
9576,1.88681317633448
9577,2.89369158220476
9578,6.72860222306375
9579,13.6272211446753
9580,5.23872863580283
9581,0.595746291966011
9582,3.6256730285442
9583,8.59853821223298
9584,5.06412610696257
9585,7.68765100994714
9586,8.40121261994425
9587,5.00014633912543
9588,13.6859643941414
9589,3.33995624268598
9590,4.00718945258909
9591,4.72318134892754
9592,6.97022569695455
9593,7.01244078590191
9594,5.13317069728669
9595,8.89054948481345
9596,3.61576693497497
9597,5.27803026991084
9598,9.31269007377512
9599,5.52268891569026
9600,12.2494576658502
9601,8.4584417151631
9602,2.74038208860979
9603,3.36908773033139
9604,11.1546318413927
9605,17.0608412883369
9606,0.884950897961327
9607,11.508400270205
9608,3.67457240949666
9609,3.67523915448643
9610,3.37713019491161
9611,3.50393454261967
9612,17.9499315843776
9613,15.5002872651242
9614,1.6757549391295
9615,7.95053623637894
9616,2.15843084930645
9617,4.28605056019373
9618,2.87967396209969
9619,8.6239453049434
9620,3.88177871487118
9621,15.078549161878
9622,3.35115137017723
9623,4.82063741054716
9624,6.96678814101798
9625,0.928842897605476
9626,7.12935244560845
9627,10.1362604292372
9628,6.49924642952636
9629,2.40486335108443
9630,-0.698223700208736
9631,2.009107593611
9632,9.42474020794268
9633,3.21976459186895
9634,15.5292432915761
9635,9.73532082196857
9636,3.56908457568374
9637,0.871194040939668
9638,14.6687464566502
9639,12.0976430275644
9640,3.36839326987163
9641,2.37412552773399
9642,7.94743245848323
9643,2.10710949971567
9644,11.1639539756837
9645,15.3219259836683
9646,5.39330332238892
9647,24.8842583369021
9648,3.04478737444123
9649,3.08463592835904
9650,4.73833604236683
9651,7.42538589387872
9652,2.81279765547908
9653,7.19513050344582
9654,12.8534487211404
9655,6.54914570320417
9656,6.59927646287936
9657,22.6192720356046
9658,3.91667109234391
9659,4.8466161589054
9660,10.0349127135794
9661,3.18219514169522
9662,7.38885421818163
9663,1.23573930866769
9664,2.6082230393125
9665,1.79778191546097
9666,6.08600267439804
9667,4.47187510276438
9668,5.24129592372525
9669,6.02461275077746
9670,2.64744206248252
9671,6.79095694345357
9672,9.79709244713301
9673,3.09741310297248
9674,6.9109587485215
9675,13.1020314652779
9676,1.69497765068747
9677,9.41927413517894
9678,10.2584870077348
9679,3.47866488057471
9680,7.27056341585468
9681,6.44028129679038
9682,14.3190718302031
9683,6.06986177536212
9684,1.13344302196276
9685,3.0012823476602
9686,12.1348292675005
9687,13.5047409844501
9688,12.6589707863032
9689,4.0533712697656
9690,8.97067795556014
9691,6.39406527947773
9692,1.92505528966513
9693,-0.2292852709587
9694,13.5255163550183
9695,4.27451447307345
9696,5.40728313864547
9697,1.55131934654531
9698,4.19959467724691
9699,6.1784138533605
9700,5.67973522202282
9701,3.2606854364294
9702,16.6284749686264
9703,7.62338688349084
9704,10.752326581179
9705,5.16506259345135
9706,7.94087581881753
9707,2.96144696316985
9708,0.802624342366001
9709,2.93814221633253
9710,12.2324508044585
9711,9.73321676075621
9712,13.6836148311642
9713,8.81630366277652
9714,1.14271223081374
9715,9.68370192981206
9716,5.01087331907721
9717,8.92188374126915
9718,0.817540597183141
9719,3.45071335337404
9720,3.79305023623894
9721,4.46105348872702
9722,9.30785281568661
9723,18.6183934519967
9724,8.56286806487408
9725,3.65532749856419
9726,4.58030057814219
9727,4.34264079581874
9728,14.4372449691758
9729,6.93155515097287
9730,3.32388817597765
9731,4.53249287262914
9732,8.12137266974899
9733,10.5366529923692
9734,3.1980985028488
9735,2.3842013176728
9736,4.18779837628674
9737,6.71321063414342
9738,8.12791944705128
9739,9.11060212669133
9740,1.71954873205303
9741,7.09536335380999
9742,1.79671759880309
9743,8.82155300410241
9744,5.60196492513456
9745,8.72451516998089
9746,8.8834931450709
9747,7.24796173164523
9748,14.028023025745
9749,14.2199524657155
9750,2.2015595220732
9751,6.6279927968708
9752,13.2968878330323
9753,6.22088521875631
9754,3.87978313938207
9755,9.17289516531534
9756,5.2338788630636
9757,18.9153275040985
9758,24.9915510888992
9759,7.97820363792695
9760,7.79648062382038
9761,10.4202535029768
9762,18.4517891431544
9763,7.25120745871053
9764,5.13550814329474
9765,6.88927975243468
9766,4.93716463215266
9767,6.39845546065843
9768,9.77311994018574
9769,4.07513715303502
9770,4.58110123257443
9771,9.50765370488963
9772,1.66349322928055
9773,0.503424485214149
9774,5.00348164493644
9775,9.06748924437031
9776,4.72482301444589
9777,1.61373616688066
9778,5.70180643164479
9779,10.2030787207435
9780,9.00899636404633
9781,9.25393579916788
9782,13.653743612538
